,0,1,2,3,4,5,6,7,8,9,10,11,12,13,14,15,16,17,18,19,20,21,22,23,24,25,26,27,28,29,30,31,32,33,34,35,36,37,38,39,40,41,42,43,44,45,46,47,48,49,50,51,52,53,54,55,56,57,58,59,60,61,62,63,64,65,66,67,68,69,70,71,72,73,74,75,76,77,78,79,80,81,82,83,84,85,86,87,88,89,90,91,92,93,94,95,96,97,98,99,100,101,102,103,104,105,106,107,108,109,110,111,112,113,114,115,116,117,118,119,120,121,122,123,124,125,126,127,128,129,130,131,132,133,134,135,136,137,138,139,140,141,142,143,144,145,146,147,148,149,150,151,152,153,154,155,156,157,158,159,160,161,162,163,164,165
0,0.17219767,0.25673673,0.015031593,0.19631699,0.0154988095,0.046618905,0.07247541,0.010585747,0.09814608,0.07317205,0.16411874,0.020430164,0.0314261,0.19346017,0.06913156,0.027497163,0.2894592,0.026597815,0.053890206,0.024674451,0.013668585,0.12120394,0.046477307,0.16192238,0.37306976,0.00884184,0.030783832,0.31328854,0.12284518,0.013762042,0.057242196,0.19561239,0.35394284,0.12878238,0.19579421,0.5367223,0.57885945,0.018810524,0.040346105,0.23435849,0.5023145,0.25971684,0.08249268,0.034024883,0.26836172,0.3759089,0.2138573,0.195691,0.56942,0.19116095,0.21914218,0.2255461,0.112046175,0.6008361,0.033108912,0.30536228,0.18655689,0.021202978,0.37390453,0.61759907,0.18210849,0.6163218,0.68789744,0.13460629,0.69463766,0.024447665,0.50274915,0.80095065,0.12645969,0.78111047,0.025510399,0.9108693,0.1472881,0.051989805,0.07816799,0.037288252,0.18016253,0.3286185,0.09569803,0.090725966,0.034190744,0.16498451,0.19492717,0.05458118,0.29979363,0.028054474,0.6769881,0.1192006,0.8813478,0.026189707,0.045071397,0.1004726,0.05963761,0.046941258,0.13059472,0.07442088,0.049440656,0.5125487,0.50767624,0.035037946,0.029384455,0.086620785,0.23062341,0.58469105,0.5629942,0.09227599,0.067921825,0.3339059,0.042510398,0.011600087,0.031228138,0.4008212,0.64693916,0.07498008,0.7390004,0.019232329,0.5082939,0.10141014,0.022015436,0.18632612,0.1749527,0.6378933,0.40918404,0.116160326,0.096813865,0.02631404,0.4400508,0.31403092,0.03157703,0.05432917,0.031774905,0.055339623,0.040034726,0.188045,0.8380131,0.07635597,0.149401,0.14498454,0.0060976255,0.048843525,0.04259817,0.014646898,0.8067895,0.51579916,0.028248344,0.06701627,0.14263646,0.031809743,0.3394926,0.08552039,0.84575087,0.09782625,0.8295516,0.32559994,0.090309836,0.017629998,0.6064139,0.5691171,0.5883661,0.8197549,0.43152422,0.08677923,0.031564623,0.31305954,0.62238806,0.014833571
0,0.5810605,0.8421865,0.026260855,0.20785451,0.057646286,0.08551485,0.18705074,0.016580153,0.01641783,0.18759465,0.0870833,0.04070654,0.03503508,0.036651168,0.093335174,0.25730568,0.06359158,0.0365711,0.044043045,0.3195221,0.24422653,0.01443102,0.1135488,0.07973174,0.38539535,0.048300445,0.024038665,0.2920897,0.06188515,0.15085341,0.720337,0.24671221,0.058722373,0.080702886,0.107537135,0.047304343,0.76354825,0.19550987,0.073334455,0.5587347,0.04581869,0.13472348,0.02139227,0.8481925,0.28888458,0.26175663,0.78409445,0.35197595,0.6766696,0.43459696,0.81689537,0.74374014,0.18200831,0.38503888,0.032397266,0.038730323,0.075867444,0.81624925,0.046867996,0.048352566,0.40257365,0.059112586,0.4145552,0.070658326,0.20060556,0.8612674,0.34267,0.121964164,0.17219022,0.2565702,0.7333234,0.3265577,0.035979755,0.6089816,0.22165486,0.6644908,0.83824754,0.17679173,0.05684271,0.12901099,0.13980494,0.7911835,0.2901947,0.7167056,0.8231386,0.07581531,0.6307168,0.8931847,0.15351109,0.07222734,0.06052611,0.05389061,0.020104146,0.11542257,0.10166326,0.05798677,0.01398555,0.09317926,0.09177349,0.51976997,0.09600517,0.21397395,0.07110905,0.8333677,0.060235262,0.76860803,0.124442905,0.8706819,0.13928373,0.80818444,0.49433422,0.05404812,0.039443433,0.04196262,0.14777954,0.033059984,0.46678334,0.42619327,0.5480532,0.57477903,0.5476674,0.10057781,0.017143719,0.014003121,0.15972763,0.018907767,0.09655744,0.03232545,0.13535504,0.29769513,0.016115343,0.65941256,0.80777586,0.34328067,0.018869445,0.0063974173,0.07312988,0.2136331,0.058738127,0.7041241,0.707692,0.014738889,0.018179614,0.2529535,0.2604155,0.10110193,0.016985113,0.09671971,0.06815947,0.4129393,0.0977409,0.50405216,0.34048232,0.8081992,0.8545095,0.4012012,0.81312937,0.84046024,0.88914925,0.7598883,0.23593368,0.30424199,0.82298136,0.29400435,0.038032506,0.53171
0,0.20015597,0.17337847,0.3529997,0.093529895,0.017336406,0.041712057,0.047656927,0.14684397,0.25692213,0.017355643,0.37574008,0.19172655,0.110468894,0.022216108,0.06998147,0.06389197,0.18489316,0.24414928,0.041501846,0.028531646,0.030514587,0.015701273,0.032032367,0.04061238,0.03757756,0.16534391,0.2663856,0.7811337,0.24227805,0.013388733,0.07708722,0.47223076,0.031959515,0.22748592,0.94161457,0.08299464,0.3033138,0.89035565,0.93324995,0.97056407,0.07172407,0.041310344,0.35397613,0.3591652,0.059404705,0.4973676,0.34225282,0.6104378,0.032629896,0.31860864,0.028279873,0.035361197,0.040939484,0.6949202,0.14276247,0.30859035,0.031410184,0.06412878,0.042260695,0.7333026,0.9132032,0.019072296,0.7254533,0.08930918,0.19820048,0.014935955,0.13591489,0.2674099,0.5518641,0.27713752,0.1330251,0.5400479,0.36844555,0.91341513,0.30852738,0.118384324,0.027055211,0.31611332,0.24153788,0.14993963,0.07609491,0.037229363,0.04592046,0.91060174,0.6261884,0.015866036,0.5666432,0.46090513,0.036983278,0.9793798,0.052435603,0.2666009,0.04117093,0.033966728,0.10726151,0.16985483,0.101028375,0.5456447,0.8313221,0.11490677,0.54559886,0.34771243,0.8425265,0.029826695,0.3766697,0.36350882,0.057552755,0.10508424,0.02228538,0.1315238,0.18283625,0.12272658,0.08273967,0.294319,0.14995019,0.0414181,0.01559357,0.20300144,0.44608888,0.14744364,0.3914443,0.09170673,0.6942068,0.15111184,0.38500968,0.07323512,0.1482189,0.40934673,0.099813364,0.098371185,0.10526857,0.03964338,0.046368886,0.020312225,0.0145762535,0.114030264,0.11451359,0.027124878,0.07383408,0.038992036,0.14175089,0.08543987,0.009158274,0.55738735,0.03643757,0.082174346,0.46485478,0.3296256,0.22100203,0.06116004,0.93035686,0.12594087,0.1870117,0.31189004,0.9156148,0.3081473,0.78882897,0.08302326,0.69705594,0.032451525,0.10592193,0.6226783,0.19538532,0.18343222,,
0,0.644007,0.65982443,0.68919903,0.13881755,0.05355162,0.05229861,0.036870487,0.1653634,0.16746546,0.014804146,0.096262895,0.03633363,0.09416119,0.022890491,0.037875958,0.040589742,0.10748242,0.095054425,0.5468604,0.47500443,0.10627513,0.39829344,0.019835591,0.21351159,0.17785738,0.087564155,0.05260379,0.28642398,0.3177341,0.013751351,0.02564873,0.39283088,0.6084536,0.019193353,0.16628653,0.3604766,0.42902282,0.26154312,0.034967132,0.43015605,0.061586358,0.24559383,0.23975383,0.08977845,0.094978325,0.04982992,0.06461708,0.027763782,0.08227215,0.39130205,0.025428774,0.88304746,0.03119451,0.051731825,0.26547003,0.06884945,0.06703449,0.07867508,0.7439264,0.4969308,0.1402692,0.4033868,0.102846466,0.034124453,0.05211121,0.15620078,0.6398155,0.7235037,0.6024846,0.019046256,0.040805005,0.037059315,0.027603775,0.729957,0.7774122,0.76142186,0.80994976,0.6427594,0.06319355,0.0893336,0.94970214,0.08904932,0.034269024,0.11729343,0.798876,0.08410851,0.5676219,0.58549106,0.02165028,0.16097619,0.75284165,0.04500542,0.02081979,0.3551872,0.011217193,0.2537328,0.22200668,0.31772336,0.3277016,0.20096964,0.03816483,0.3187797,0.8867255,0.027509512,0.13349374,0.30684903,0.011356101,0.103316724,0.17846881,0.089513995,0.061214022,0.7104185,0.59222484,0.1681278,0.61093235,0.07336652,0.2424762,0.14711165,0.093893245,0.20255673,0.24544527,0.06855976,0.032116722,0.43774015,0.09479227,0.10757649,0.243915,0.08201316,0.063529916,0.13505198,0.11388346,0.04062941,0.133184,0.06573457,0.66442245,0.29766306,0.74831706,0.93497515,0.06544377,0.07014356,0.6067273,0.18347766,0.27484295,0.70786667,0.6511341,0.8468386,0.80617625,0.5023751,0.742418,0.009822566,0.54911244,0.8261878,0.6587485,0.47787037,0.9305665,0.8304809,0.11173668,0.065552965,0.79905576,0.5059235,0.25005603,0.08092434,0.028170608,0.083219126,,
0,0.780055,0.2974195,0.29203576,0.06666106,0.047639646,0.050232902,0.046258464,0.34326875,0.034324475,0.055285323,0.0313225,0.028252793,0.27692562,0.79907036,0.46130693,0.030509386,0.032351803,0.15051065,0.048536424,0.18449898,0.0147956805,0.02215855,0.2587904,0.04096348,0.10926501,0.08115899,0.09490218,0.013466277,0.5690559,0.03021052,0.1575302,0.021659043,0.058256418,0.42308,0.07476005,0.13296036,0.039525304,0.87334615,0.02702339,0.26372918,0.05667912,0.52975166,0.043604925,0.05449271,0.08551153,0.17914812,0.06497665,0.0314723,0.028494906,0.019482866,0.17376779,0.27929914,0.34309936,0.073982,0.37142664,0.042092863,0.023061257,0.60516506,0.043361403,0.26639166,0.3077151,0.26046377,0.18018627,0.033178322,0.44495925,0.96940273,0.062816635,0.28570303,0.16048217,0.08023275,0.4067445,0.03913298,0.1508786,0.05503343,0.41621363,0.48868358,0.261531,0.70590085,0.7618959,0.24115045,0.030132663,0.5826681,0.06743778,0.026441166,0.23913349,0.06313319,0.02029986,0.062510245,0.044001315,0.05366889,0.19668978,0.019833375,0.032953676,0.8234495,0.52808255,0.019713454,0.028516952,0.14380275,0.80382437,0.054556772,0.3529192,0.15822123,0.21036376,0.31354913,0.5239419,0.9317589,0.08221538,0.07947784,0.0879248,0.19274682,0.56710464,0.47642538,0.92082846,0.45202297,0.12721664,0.03116356,0.32491216,0.16112708,0.6371305,0.6280466,0.008973089,0.2007425,0.41373834,0.35199726,0.7583529,0.0325379,0.16927162,0.29261026,0.24673721,0.009491563,0.34806436,0.20930293,0.037761122,0.12479447,0.08508672,0.010309004,0.37610418,0.6755278,0.11498923,0.2786849,0.49678022,0.5861964,0.9295822,0.050229274,0.036469907,0.12157475,0.13015993,0.05045475,0.3031992,0.12049475,0.24181361,0.15761241,0.41240802,0.027012484,0.09195395,0.5526047,0.78540283,0.8224881,0.64025456,0.8576547,0.04248258,0.2311456,0.2831786,0.35425195,,
0,0.44278583,0.28973716,0.035921946,0.10387448,0.33462092,0.01655174,0.26730672,0.011873796,0.28833878,0.05150959,0.013609149,0.02470262,0.052288953,0.006241348,0.18564442,0.004205498,0.03956723,0.030943654,0.045738216,0.2182755,0.010803257,0.05546995,0.04912723,0.40812898,0.050586373,0.110145696,0.26334536,0.03348731,0.06980922,0.023571996,0.23118973,0.64544576,0.20276804,0.52429146,0.59257036,0.7109468,0.03285842,0.034388248,0.03349228,0.36756864,0.27510142,0.021091154,0.23739266,0.12623481,0.011126134,0.07182895,0.09000764,0.24071203,0.14744331,0.047342505,0.068067625,0.033691898,0.06328161,0.026342612,0.5631235,0.060729746,0.24536027,0.39961132,0.04086509,0.7097884,0.33622307,0.04381584,0.06346394,0.14198266,0.019801402,0.13587317,0.099413544,0.45220724,0.2391914,0.4701252,0.69986504,0.6475292,0.029160403,0.007900143,0.37918308,0.83188766,0.16933264,0.7099023,0.11362198,0.9185543,0.082327,0.12083094,0.24028061,0.25478193,0.021392457,0.04071826,0.54062164,0.6669449,0.07788536,0.8564935,0.152709,0.09036068,0.08335033,0.033989802,0.03364238,0.06744978,0.09776277,0.031737916,0.63631225,0.48360032,0.04253687,0.33242828,0.014497377,0.3407524,0.031743158,0.019012628,0.2523606,0.83750117,0.05177041,0.71165895,0.77746975,0.017688503,0.052985195,0.033343434,0.01600593,0.2738552,0.56058544,0.017903559,0.110630885,0.795732,0.028692536,0.0075282394,0.19744118,0.11269639,0.008706221,0.20770542,0.20591214,0.1743111,0.56469995,0.35445726,0.09395586,0.031780973,0.16615768,0.23004162,0.05365302,0.018466983,0.1974429,0.040292356,0.0133644175,0.024614798,0.7218049,0.1561701,0.091352895,0.015274023,0.041207843,0.018931208,0.73615897,0.53022105,0.064762965,0.012951506,0.047721248,0.04132266,0.12188555,0.40917674,0.79479265,0.6997649,0.32985488,0.546144,0.7756399,0.6081398,0.6049804,0.49875757,0.04712232,0.6202235,0.17574978,0.3655877
0,0.65662795,0.8662878,0.11922373,0.081495054,0.024558902,0.05479379,0.26160708,0.044988047,0.021383863,0.076430626,0.007524973,0.01680499,0.2936367,0.3508673,0.15561652,0.39742473,0.022800276,0.27436772,0.028777406,0.10457278,0.02790743,0.38055158,0.1650297,0.029584868,0.3012191,0.053320337,0.009301827,0.04690964,0.6509589,0.021630166,0.19519235,0.05682898,0.27545786,0.0192062,0.7444466,0.51687205,0.029734176,0.022944426,0.15617989,0.857178,0.10909653,0.1299686,0.5298566,0.7678043,0.105834216,0.5923308,0.71991676,0.07875161,0.78853834,0.23608214,0.03084463,0.0272349,0.051843148,0.8768848,0.026049396,0.51475334,0.5584837,0.32356808,0.63542116,0.11114576,0.033826534,0.8482911,0.2348784,0.45564356,0.22323339,0.08881283,0.80816096,0.032120313,0.37575784,0.77229244,0.11385423,0.44958368,0.21337989,0.15628484,0.59877414,0.90705186,0.039277796,0.21367465,0.07263044,0.7761724,0.6153945,0.7724107,0.010988937,0.828874,0.11338908,0.696137,0.92100537,0.06711692,0.03004025,0.039324336,0.014728603,0.004910119,0.014583649,0.18803152,0.025975684,0.028113773,0.03968812,0.14162436,0.06277217,0.55708754,0.11388241,0.06147744,0.23361506,0.044394005,0.1950682,0.0145310145,0.86768633,0.009198173,0.8016998,0.027889472,0.87172616,0.3804025,0.39014173,0.012496427,0.19550514,0.0726258,0.3509849,0.45979646,0.02421782,0.5862838,0.103803135,0.5783726,0.11944067,0.09513758,0.05386563,0.008755168,0.14241503,0.00914594,0.14424568,0.030064844,0.053601753,0.040861905,0.3382188,0.009492959,0.47373635,0.8582811,0.32614744,0.030075349,0.21718545,0.7180104,0.8076153,0.02463421,0.18947268,0.014183978,0.04000723,0.032031104,0.12738948,0.47666252,0.8545122,0.015904166,0.929429,0.31386107,0.75705075,0.77426296,0.06048708,0.92585385,0.69797784,0.11696305,0.73791844,0.14724228,0.28352848,0.08333029,0.5810464,0.0067479094,0.6448551,0.04865563
0,0.21252221,0.39774537,0.1666784,0.08425908,0.017095258,0.01569689,0.14700289,0.26257923,0.41574118,0.15419775,0.04685489,0.0587319,0.03046057,0.26928335,0.3550865,0.056520905,0.035733234,0.0324884,0.020442337,0.03318437,0.04941262,0.016662309,0.028494982,0.027710631,0.23114035,0.21784277,0.625209,0.020424977,0.03962502,0.3115979,0.8961914,0.06140835,0.052754603,0.035080492,0.099640094,0.02885868,0.5114493,0.082104646,0.037503704,0.014038586,0.74177337,0.93752253,0.9098741,0.045533318,0.34382987,0.062099766,0.17126781,0.59799993,0.32511607,0.069970906,0.6379001,0.25514737,0.46807393,0.050551157,0.112757176,0.035774194,0.554362,0.1389573,0.31432438,0.025380615,0.29804578,0.29536825,0.07380487,0.7360743,0.8274063,0.7125558,0.25107634,0.01479309,0.23623395,0.31391206,0.6400157,0.064527966,0.21689288,0.54512256,0.24052635,0.031142673,0.07784906,0.14358693,0.016910776,0.60386896,0.17344089,0.10135626,0.04971151,0.45289254,0.022728143,0.12732315,0.09571056,0.8817747,0.50326824,0.019706018,0.03518662,0.9456014,0.29910627,0.11820658,0.0147787435,0.069809474,0.112175025,0.59339416,0.8675122,0.036353625,0.6124053,0.38808644,0.0761551,0.054066952,0.76616865,0.0722487,0.09689127,0.4591828,0.032180957,0.035199925,0.090163685,0.14458904,0.04588484,0.16131486,0.09685327,0.024309466,0.18126343,0.55706656,0.046544358,0.034511924,0.2878655,0.29935098,0.71693975,0.1500064,0.17057306,0.10278548,0.35552207,0.16427962,0.4350458,0.041523844,0.1783583,0.034980033,0.019960346,0.017612856,0.14655916,0.016863665,0.03535636,0.030349227,0.01523883,0.022444345,0.38476363,0.012400269,0.037006166,0.06281406,0.06829459,0.03832551,0.013726285,0.03748596,0.41570434,0.7987581,0.87368363,0.13798797,0.20285346,0.059025735,0.33911246,0.8917068,0.33184993,0.72183126,0.069829896,0.12753835,0.46619081,0.20239617,0.63565826,0.37545475,,
0,0.7669814,0.5218564,0.6324831,0.06702845,0.058316495,0.09675346,0.17127681,0.107603,0.06980138,0.016710939,0.09258631,0.020841122,0.01511825,0.0128054125,0.07860191,0.05451957,0.024800727,0.0068894685,0.10019731,0.012623104,0.39254695,0.3551735,0.40145016,0.029578572,0.027980212,0.1663817,0.010786324,0.025640793,0.08138176,0.19401172,0.62261826,0.0071041165,0.8282531,0.120695986,0.10887091,0.08299473,0.22064193,0.19199423,0.01809158,0.0871985,0.30783886,0.014096457,0.059106667,0.013831513,0.014748784,0.3125923,0.102011114,0.12991329,0.10878213,0.060006913,0.035469327,0.016384529,0.060599778,0.3810088,0.9167124,0.0387854,0.13131122,0.3465206,0.25344956,0.79882723,0.44387808,0.03723228,0.38507688,0.066611424,0.43882057,0.51338047,0.8019466,0.08795013,0.017920855,0.13955991,0.03666962,0.6839442,0.6156323,0.7794348,0.9314515,0.057230048,0.058411356,0.04092374,0.0396793,0.47741917,0.10196121,0.076664075,0.013716797,0.4032721,0.6205142,0.5916163,0.080314256,0.3467329,0.022995722,0.04570789,0.2254533,0.8404178,0.020346228,0.0322821,0.25130627,0.030571207,0.29980078,0.24441217,0.116894595,0.08824025,0.28007546,0.9348534,0.4416295,0.035629034,0.03533104,0.098004416,0.02404704,0.14844652,0.038285088,0.82990235,0.6150896,0.18388699,0.705771,0.19855882,0.17791818,0.043737885,0.06706463,0.16176367,0.049586292,0.5372205,0.4139275,0.016684877,0.050458852,0.06108067,0.12101794,0.5361952,0.11308271,0.024025824,0.14414345,0.022226999,0.012838538,0.24771617,0.027683033,0.014008766,0.029716281,0.036856096,0.22248046,0.31994483,0.123191126,0.10814885,0.601061,0.15304504,0.8129952,0.9404425,0.61537284,0.46868545,0.8077322,0.9411657,0.9185806,0.5118298,0.8606395,0.01641232,0.62009513,0.67370844,0.7199092,0.5553696,0.9570711,0.903279,0.40827182,0.051103868,0.8442988,0.06865285,0.6671211,0.20713282,,
0,0.021400582,0.60612404,0.32497507,0.19396383,0.0236778,0.09973844,0.02998114,0.047768306,0.4307862,0.020041294,0.030261071,0.03364048,0.018054977,0.8932382,0.015979238,0.03723333,0.40944272,0.20564789,0.08566289,0.14402068,0.14449066,0.4436225,0.30847895,0.028585471,0.019338468,0.27547574,0.0269758,0.045371424,0.119143255,0.06610267,0.67992556,0.039774433,0.029294325,0.60067344,0.42282015,0.27024752,0.018386116,0.9409961,0.21698211,0.70693743,0.11865378,0.5691648,0.16276915,0.032283805,0.011673574,0.10459699,0.323063,0.4369234,0.09847667,0.77137095,0.4456729,0.047346123,0.10282595,0.8032349,0.3297945,0.24620093,0.064172626,0.05379631,0.43055996,0.2756105,0.06980256,0.2159405,0.052810896,0.38878334,0.9813209,0.38806593,0.27106115,0.04216741,0.012287331,0.45130488,0.52293587,0.03670069,0.14610772,0.61261463,0.9083816,0.117652796,0.040910065,0.21110792,0.6960082,0.057684496,0.022078041,0.028605005,0.071548335,0.18239851,0.09308518,0.04219778,0.022215255,0.06557163,0.22861992,0.106258884,0.90449715,0.6145592,0.014751647,0.10031181,0.8379568,0.23454747,0.15536788,0.17364264,0.26687172,0.052328173,0.3541933,0.67137545,0.950062,0.038298175,0.059217863,0.055525515,0.5906873,0.5091401,0.01303638,0.9709845,0.5950031,0.21322124,0.5155357,0.7118014,0.7869714,0.0378889,0.28667846,0.074707,0.66437304,0.13246444,0.041921288,0.1412796,0.2585192,0.18906982,0.28484955,0.27235407,0.024178274,0.10625484,0.060816158,0.023624076,0.09609958,0.4412063,0.8184062,0.30458134,0.08661149,0.081402175,0.04726748,0.52118605,0.026443293,0.5732368,0.029900935,0.09216971,0.06623949,0.021131063,0.9657379,0.020932367,0.077765875,0.09163752,0.31500992,0.23164964,0.7646448,0.1226541,0.5822007,0.025386764,0.5499918,0.7904167,0.915575,0.69113964,0.8760191,0.039841432,0.11799037,0.16283807,0.27099782,0.33181491,,
0,0.21066198,0.057136863,0.18756132,0.03403812,0.03525116,0.06825011,0.25382307,0.09308038,0.17493398,0.16382958,0.088826105,0.014635307,0.035058133,0.0312719,0.051295266,0.027150476,0.16890733,0.1261086,0.020135907,0.07054019,0.06065082,0.0130772665,0.043779843,0.10915311,0.10710666,0.2547214,0.30211377,0.015133528,0.059216052,0.0954668,0.024557315,0.13974233,0.50897694,0.26740235,0.25036365,0.19049439,0.5684719,0.1819867,0.020775467,0.33966887,0.23182765,0.22655857,0.10048201,0.07006695,0.28050774,0.26899546,0.030293448,0.464596,0.19093776,0.067038,0.27454934,0.072268546,0.44293025,0.022219075,0.04276099,0.52826494,0.30427706,0.058040384,0.21430135,0.4263682,0.113924086,0.04079568,0.41580787,0.6539243,0.7348082,0.65710497,0.71831834,0.13751067,0.685395,0.2224414,0.029858826,0.8757673,0.09195123,0.24340452,0.13822521,0.18374749,0.03358813,0.22048278,0.024625104,0.53203696,0.8312974,0.10394458,0.034411892,0.038179565,0.062121965,0.023575347,0.18475765,0.2652656,0.40592396,0.25852537,0.008892397,0.007335721,0.029440658,0.012823898,0.040401593,0.17937139,0.03050467,0.21983464,0.068450466,0.124676034,0.6218626,0.5633398,0.19699956,0.0132822115,0.085408255,0.66082466,0.050268866,0.21507962,0.5750984,0.6106038,0.071727954,0.020705728,0.029409215,0.056994334,0.24021837,0.13074967,0.017590284,0.011622204,0.19111893,0.55002415,0.21516319,0.41064706,0.24042499,0.21886387,0.23496412,0.070025735,0.040600803,0.009323331,0.060743738,0.021621602,0.06517552,0.04347626,0.024393016,0.016434954,0.76479137,0.11038596,0.058533955,0.011988098,0.037579317,0.6282911,0.482706,0.1573597,0.27707055,0.0113977175,0.036102924,0.073611155,0.16004851,0.06526549,0.01700347,0.17371307,0.16750072,0.8161781,0.8548121,0.1573164,0.05200098,0.4787837,0.5774527,0.55314493,0.43594167,0.032532066,0.04026808,0.26830888,0.023787528,0.17899595,0.13529241,0.34340742
0,0.29909536,0.61404735,0.8090327,0.017705292,0.010522387,0.28183925,0.088161305,0.13530557,0.07583911,0.24709076,0.24083376,0.15792778,0.34739545,0.17125367,0.028002895,0.30299875,0.24208677,0.052824903,0.5110992,0.20234998,0.10083805,0.06817357,0.057829525,0.26502478,0.078122415,0.044900656,0.7200264,0.28122824,0.055242438,0.053210046,0.69437104,0.25815186,0.050983626,0.17324106,0.8452372,0.26660544,0.6939837,0.45018813,0.6772409,0.43720335,0.75067735,0.73205864,0.14322288,0.26852968,0.034319796,0.13584375,0.037321255,0.049089942,0.23065938,0.8323102,0.054531015,0.07563914,0.021111034,0.0800901,0.2946346,0.16767113,0.4889961,0.13337643,0.82146674,0.13449234,0.08941722,0.4124099,0.04188291,0.14623399,0.23493445,0.73191196,0.3198479,0.7159281,0.20282926,0.081226565,0.68094367,0.86814994,0.14454325,0.043570075,0.12239037,0.10971523,0.10821787,0.25318316,0.04551415,0.78125316,0.37873027,0.713711,0.810252,0.029372547,0.10011192,0.59573215,0.88542324,0.10323577,0.090562366,0.014883295,0.08009209,0.040300194,0.02318512,0.104266495,0.08005387,0.5018081,0.023893112,0.28898868,0.06951947,0.12767847,0.12860966,0.045410194,0.85752326,0.086604945,0.06838736,0.72603667,0.36287278,0.83122885,0.1486709,0.022426,0.64863974,0.013460432,0.025083985,0.058704037,0.5763018,0.2131161,0.047475502,0.024371015,0.4101968,0.3415021,0.5753069,0.017047828,0.53749436,0.47856608,0.1119023,0.21664299,0.03937472,0.06862242,0.0929042,0.027771844,0.24483044,0.026510824,0.01202208,0.010657513,0.3385725,0.70468414,0.8434273,0.07033236,0.320428,0.04880792,0.035110068,0.052894764,0.12817284,0.26460877,0.67740464,0.7219755,0.16476297,0.33448094,0.07092517,0.46348032,0.8025861,0.7678128,0.41741943,0.8769947,0.8075066,0.09633035,0.9122227,0.7230663,0.19886081,0.68283874,0.25694522,0.034404688,0.03480606,0.55518144,0.048949223,0.038430948
0,0.22998226,0.32700902,0.028829241,0.021398995,0.17682584,0.23720737,0.5363684,0.61097324,0.21428925,0.015292621,0.18574105,0.017898515,0.1946481,0.36803466,0.09138582,0.112004794,0.023862243,0.05997523,0.038282305,0.034137655,0.022639867,0.04372274,0.19602984,0.19562806,0.709341,0.3487404,0.013778234,0.024846734,0.239057,0.9190499,0.031191893,0.04341684,0.068608485,0.011712013,0.22481892,0.79529756,0.93225896,0.90922946,0.06604211,0.045698512,0.5939548,0.082105234,0.5504975,0.36195174,0.6451644,0.021017995,0.4552178,0.08135957,0.64497036,0.031122796,0.020792888,0.13837078,0.23936641,0.047084734,0.78215027,0.8637628,0.5732697,0.019995404,0.16257246,0.23459636,0.039447,0.33454984,0.045331065,0.2929746,0.5452298,0.12722814,0.061203074,0.024567656,0.4939758,0.24117336,0.033770625,0.68946004,0.23758131,0.3174068,0.042827435,0.38229012,0.033428203,0.081701584,0.03984473,0.27157375,0.8248704,0.5441712,0.0575082,0.97448236,0.09421791,0.022240954,0.08127172,0.025589878,0.21014133,0.113729686,0.06966989,0.075553045,0.0076316604,0.048207298,0.05593623,0.44660494,0.84457046,0.6151999,0.08285375,0.24228452,0.057052284,0.43723062,0.37262022,0.7936173,0.044726107,0.43909037,0.29783553,0.027974142,0.015133508,0.037884556,0.0315766,0.12932968,0.1495064,0.1380074,0.05589946,0.015326132,0.19245018,0.44104117,0.03552133,0.02205394,0.42903832,0.19230056,0.22430985,0.58861935,0.045295317,0.17035742,0.29986358,0.43531471,0.13170315,0.061789084,0.073063806,0.06318536,0.03335489,0.13406621,0.038440783,0.023095911,0.020601163,0.04470214,0.24246998,0.040628675,0.031287342,0.31123367,0.13176587,0.021199077,0.44827953,0.037245065,0.049107756,0.07549776,0.8925046,0.09383644,0.19552757,0.033625137,0.2787853,0.87713563,0.4290366,0.7790698,0.033219416,0.042285353,0.5356316,0.20000702,0.5788834,0.021804564,0.29235604,0.024936125,,
0,0.78373945,0.30423647,0.5134881,0.17272097,0.050695755,0.03706894,0.013283829,0.053579092,0.19100627,0.071093865,0.05944979,0.018796632,0.043981563,0.033056542,0.08043038,0.065577775,0.057397567,0.017560812,0.3590752,0.19313551,0.27041486,0.22171736,0.25526384,0.014113781,0.2457432,0.2933883,0.54324275,0.027837986,0.022012105,0.05166855,0.15068227,0.02154622,0.7962766,0.008942215,0.015648082,0.27465272,0.16959296,0.112641335,0.56415725,0.028573452,0.20898023,0.017974114,0.28035125,0.22131887,0.043618903,0.11820924,0.08956342,0.30426553,0.34878385,0.015204278,0.9202348,0.21291581,0.18878026,0.050058745,0.012684636,0.0695788,0.062254727,0.0400783,0.7119372,0.42803758,0.3186797,0.036094513,0.30978093,0.5397871,0.4963513,0.7249533,0.018093888,0.33827147,0.05005646,0.04575675,0.531831,0.70354825,0.9151711,0.06382056,0.21419205,0.06005333,0.103030354,0.03573812,0.021418408,0.22965907,0.14921567,0.43260816,0.5515151,0.44750017,0.10696757,0.07090806,0.22643557,0.8452722,0.07389373,0.048409298,0.20270176,0.011777876,0.017258387,0.1749363,0.08176921,0.2581553,0.06963719,0.3173682,0.9229998,0.03304125,0.15221447,0.022138448,0.41947106,0.018364917,0.05521983,0.7396873,0.63880575,0.11248405,0.7838863,0.08209832,0.06217968,0.14306234,0.30307448,0.009502194,0.13452545,0.17109205,0.02579148,0.011674904,0.017911486,0.06499754,0.12931073,0.030055227,0.011329422,0.03467357,0.373627,0.054264102,0.042332012,0.018484859,0.10373427,0.031968255,0.024482602,0.17293115,0.040858053,0.061873984,0.040359914,0.18194112,0.03575331,0.31032228,0.17971732,0.828022,0.92660165,0.4967249,0.19786829,0.48952597,0.6211186,0.9146948,0.88315684,0.44893768,0.74118567,0.5401199,0.6858787,0.755859,0.38952568,0.9542468,0.8783137,0.07801713,0.7841658,0.047002003,0.009502399,0.03038892,0.6768778,0.12055827,0.10652322,0.35923287,,
0,0.02356342,0.6938135,0.31143308,0.080945544,0.077257946,0.20175315,0.020871634,0.02177507,0.04920819,0.03766349,0.031967267,0.019579038,0.037290458,0.010238159,0.028524643,0.71890223,0.056756873,0.011698736,0.0753985,0.03394588,0.054405835,0.15466295,0.015397996,0.04697378,0.06499007,0.1596769,0.29950973,0.03985256,0.009236947,0.07479112,0.19025308,0.02725828,0.018593052,0.025904592,0.082459584,0.064987704,0.026752492,0.6436387,0.011210496,0.48296654,0.07129046,0.040205907,0.2878421,0.3099434,0.12233056,0.90957505,0.1171721,0.13564873,0.08098169,0.6127788,0.018462595,0.11732591,0.37020993,0.18797982,0.043397952,0.06986314,0.20921807,0.3662972,0.22889265,0.07162825,0.3362016,0.021059353,0.65483165,0.37635374,0.036593057,0.013296362,0.26877803,0.19932754,0.16739008,0.1690314,0.64699525,0.34721243,0.95137835,0.30147332,0.02377623,0.2661017,0.013373392,0.41312027,0.4445083,0.12005531,0.17662007,0.7438742,0.23030303,0.89452225,0.082815744,0.0097345775,0.25354564,0.5040428,0.021961454,0.051651463,0.16970265,0.048585914,0.04019587,0.16825463,0.07986147,0.20873208,0.07575015,0.81533927,0.50747895,0.06984475,0.015034257,0.09721098,0.8534984,0.33582664,0.31770924,0.17242514,0.026747344,0.25554836,0.5524624,0.9464518,0.034799967,0.042883575,0.037031934,0.075874135,0.0536785,0.26671907,0.6659756,0.3924788,0.9282221,0.79395586,0.029207993,0.061803445,0.4967606,0.024618495,0.25430524,0.53187525,0.69220877,0.56688935,0.11514077,0.6530409,0.08352977,0.09542899,0.23660177,0.4502805,0.36423504,0.05053725,0.34069797,0.2026838,0.23632124,0.07438237,0.026868753,0.016622242,0.2716815,0.043088257,0.6799324,0.09231391,0.09391908,0.36440843,0.5679289,0.017211359,0.10614267,0.9658057,0.2494114,0.029500414,0.16717248,0.32837632,0.49740914,0.7726751,0.8786426,0.6753663,0.83468175,0.19045673,0.28280014,0.40035287,,
0,0.10354757,0.18804008,0.051340174,0.022275884,0.05032508,0.07642008,0.02020118,0.41440064,0.10754409,0.24143416,0.11017166,0.018737892,0.34128693,0.021228494,0.05369153,0.061161824,0.020780202,0.14660847,0.032178015,0.0975192,0.020338668,0.027868757,0.011723272,0.020437032,0.17147806,0.23835868,0.056301564,0.10520625,0.12685344,0.08074045,0.18895689,0.6142551,0.3339657,0.03194332,0.32434624,0.35588187,0.660312,0.16871333,0.6074822,0.025768166,0.36185944,0.1224746,0.051933248,0.12140785,0.02050973,0.29020613,0.29986563,0.38478926,0.19061653,0.22024284,0.15332156,0.44391662,0.04833296,0.3201485,0.050932825,0.017978195,0.3285889,0.15610322,0.6192682,0.03859665,0.08047497,0.25740978,0.21704401,0.59657663,0.47812644,0.5444609,0.74801576,0.32857862,0.21804479,0.6625551,0.1037111,0.01215348,0.6114787,0.72427773,0.09585418,0.16877683,0.066307396,0.87276745,0.028182523,0.049675472,0.8972049,0.15060587,0.034728944,0.3227974,0.076142885,0.018238049,0.079488665,0.24551168,0.6054172,0.03859298,0.884315,0.16532214,0.026619261,0.12578066,0.04004422,0.024830144,0.05843149,0.09818584,0.20066687,0.6234919,0.54732287,0.16438095,0.042863272,0.010487729,0.25088075,0.6487796,0.24862741,0.64880484,0.017363857,0.038635496,0.15919454,0.24896283,0.22346878,0.546535,0.7739791,0.26408944,0.07866189,0.3557298,0.09372695,0.025684094,0.3113121,0.087754175,0.18024822,0.60373396,0.20421408,0.24583066,0.34107918,0.049916904,0.062882066,0.01601782,0.06772401,0.74819285,0.021823335,0.12475945,0.035670158,0.018618215,0.6613644,0.2989546,0.5132558,0.0696169,0.069265924,0.03455062,0.02237037,0.07636135,0.18738516,0.026354903,0.4431193,0.284779,0.7993799,0.9163887,0.2278379,0.29118,0.11170789,0.1540596,0.6398132,0.69491774,0.58345306,0.36775234,0.41327396,0.09018473,0.011436986,0.047563635,0.049303863,0.40923226,0.24700068,0.08977196
0,0.06233632,0.4043463,0.6074028,0.85857624,0.12348624,0.026536128,0.035132177,0.12348216,0.22487368,0.2503599,0.12078725,0.026443949,0.32410622,0.35946342,0.2971256,0.34705687,0.016862229,0.042419948,0.098182075,0.06074411,0.059470177,0.49090654,0.4882922,0.38692346,0.025027296,0.012643995,0.25581506,0.07884827,0.024831556,0.016949855,0.019163463,0.6920898,0.1178784,0.014085567,0.093084134,0.05092727,0.042249527,0.014553801,0.58761775,0.30848083,0.07350388,0.13838437,0.091279715,0.83041006,0.16829313,0.6744718,0.7574029,0.42763707,0.8102144,0.70023096,0.2607177,0.036642827,0.8573921,0.16438381,0.046014708,0.07401301,0.020007195,0.26976368,0.026250232,0.44464615,0.12002266,0.82735175,0.44078347,0.051572938,0.19330283,0.16482475,0.030548828,0.1288104,0.8259137,0.3512886,0.8408971,0.26392722,0.6349468,0.8660909,0.02118774,0.19326115,0.07892381,0.016984504,0.09831047,0.78872806,0.44083434,0.71978223,0.7150343,0.013215121,0.041958302,0.8175556,0.33728787,0.082495406,0.10152123,0.5027117,0.91510844,0.0903736,0.08147781,0.051762585,0.018356927,0.07827725,0.023341568,0.102704406,0.032061715,0.5044281,0.032338392,0.03936908,0.28321677,0.016737716,0.085581675,0.87002265,0.053551685,0.7340863,0.1008386,0.078011766,0.8296453,0.69319004,0.0058176173,0.03450444,0.08189333,0.07689634,0.011671427,0.4451301,0.008286371,0.110174775,0.40159953,0.08699362,0.5418792,0.08236527,0.5731617,0.5294218,0.09838345,0.11630781,0.3073866,0.045109782,0.035359316,0.040545072,0.050917067,0.09686964,0.020687487,0.025597928,0.022808205,0.18928675,0.43828616,0.643104,0.81044006,0.3803004,0.23465778,0.6258745,0.018991828,0.73468214,0.25525734,0.055224728,0.080004945,0.015317974,0.3631659,0.8526908,0.7968649,0.3354171,0.82452106,0.8086438,0.8934122,0.7145745,0.5127059,0.17903805,0.7065075,0.047420505,0.018778542,0.12055981,0.0315328,0.49902225
0,0.022931349,0.1860031,0.3163123,0.1522512,0.06227202,0.06407368,0.03786479,0.03388327,0.14014223,0.22162898,0.48542145,0.015636096,0.17638424,0.15502715,0.0134436255,0.115013726,0.35977712,0.0685229,0.19418313,0.012317458,0.02919802,0.019802384,0.010853861,0.051902913,0.26965755,0.050705276,0.19079731,0.21569224,0.7365305,0.021282947,0.05931522,0.006292388,0.02582707,0.023080321,0.2252468,0.91674584,0.032157965,0.033407714,0.061327305,0.03900464,0.024305927,0.068995744,0.7686394,0.8269108,0.9203599,0.017912088,0.050078604,0.04688359,0.4179671,0.088735096,0.45806614,0.29353815,0.6519599,0.2358747,0.05572223,0.06929104,0.34091824,0.055208124,0.0686983,0.58004624,0.23264664,0.044334456,0.124595426,0.017118288,0.260794,0.2767493,0.014301173,0.8339302,0.87679297,0.6653606,0.2003997,0.26110083,0.031207524,0.29189932,0.53366655,0.13796109,0.16343246,0.57282054,0.26069126,0.021491777,0.019167634,0.5926317,0.26027668,0.12219966,0.043182362,0.4176008,0.030306758,0.07434867,0.8994532,0.022075368,0.5506139,0.027089132,0.075480476,0.976648,0.05130255,0.2373323,0.0596861,0.040587097,0.05765013,0.012679015,0.028452244,0.1034689,0.31159922,0.84384114,0.11203006,0.5027708,0.021337375,0.46679333,0.14207385,0.8651932,0.02137965,0.3839625,0.01760768,0.04945753,0.04841154,0.028663622,0.107885145,0.14786905,0.1201032,0.62598366,0.16936657,0.44529134,0.016445484,0.30059293,0.72958887,0.14321578,0.2596158,0.104056135,0.30262282,0.23797615,0.086928554,0.1901234,0.15685615,0.028213965,0.033375036,0.03196253,0.14835526,0.029187271,0.047430467,0.021211043,0.043943167,0.015778223,0.07190013,0.48761022,0.04586727,0.08464575,0.011767042,0.3478852,0.30159897,0.87115693,0.10348164,0.1935514,0.024401003,0.22052094,0.90144974,0.37857848,0.8045231,0.57767123,0.048413698,0.16003458,0.52489996,0.1714682,0.1189033,0.09318832,,
0,0.0448396,0.773771,0.65152603,0.71505445,0.08853318,0.08283989,0.089070655,0.33781645,0.114296675,0.027849313,0.044362325,0.5731178,0.18155907,0.020709226,0.0464817,0.3168168,0.3879162,0.041445557,0.28424156,0.040042296,0.017277304,0.1907497,0.04991352,0.31617123,0.41421044,0.013660079,0.0195352,0.5030852,0.3432517,0.0292214,0.79063594,0.109463826,0.091424726,0.1497632,0.19311081,0.3382942,0.2960359,0.02496234,0.045449562,0.056445114,0.2631781,0.033327617,0.37677515,0.15000916,0.104962446,0.12056539,0.14028713,0.052759107,0.4377283,0.0517649,0.025680108,0.01676565,0.95523983,0.21117498,0.7925569,0.42435098,0.3003434,0.41607866,0.45419914,0.7614035,0.15307236,0.04663288,0.011375779,0.55744565,0.15038729,0.6969274,0.13451667,0.74485916,0.93784916,0.09729909,0.04198193,0.28768182,0.15426224,0.10661071,0.05481149,0.7178768,0.0351067,0.64205015,0.5713492,0.016922286,0.21503162,0.5337745,0.8454742,0.23598348,0.36828774,0.0546465,0.26827043,0.20864181,0.29673454,0.39099318,0.08497308,0.42262056,0.96772844,0.53364366,0.026679855,0.017781377,0.12633695,0.05540211,0.073280305,0.045586396,0.057967104,0.7569698,0.62312496,0.122611105,0.067370795,0.7556136,0.1965516,0.23843059,0.019958498,0.060284287,0.06527454,0.27554178,0.07154302,0.05561813,0.08588093,0.03339524,0.15013076,0.12539503,0.45612997,0.059308343,0.06798466,0.044455927,0.022810657,0.010387732,0.3752125,0.053123932,0.072486304,0.14527555,0.12350073,0.14570743,0.050897636,0.021612288,0.015975622,0.1131423,0.057580836,0.08085328,0.5641517,0.015219545,0.17925297,0.15163393,0.8455572,0.9645569,0.5286553,0.61905867,0.6458443,0.6610087,0.9528775,0.9182359,0.41290185,0.8179486,0.5840057,0.6271649,0.7435669,0.7795736,0.1843042,0.6272918,0.964015,0.92324543,0.0799506,0.76690567,0.068609804,0.6907013,0.28077614,0.026801901,,
0,0.18793999,0.66165704,0.36040524,0.037006985,0.018081484,0.021455437,0.012796088,0.099056326,0.29389346,0.048671376,0.014608625,0.03264252,0.22499429,0.023772607,0.031920023,0.77335393,0.018589262,0.0135197835,0.25608015,0.05495464,0.029918924,0.048674516,0.011348299,0.0503034,0.102174774,0.046842247,0.18717721,0.28372622,0.25179023,0.022734787,0.013558741,0.2367136,0.026894022,0.058425773,0.124361694,0.47281516,0.04188596,0.63594216,0.48207882,0.3544028,0.8791462,0.11128281,0.10534297,0.6991629,0.035694554,0.21098998,0.09383715,0.21047795,0.056125037,0.16147138,0.4019442,0.37631097,0.07430304,0.31073642,0.5973813,0.053821184,0.021921158,0.64931875,0.031381432,0.35686174,0.356882,0.28096774,0.2107414,0.32957122,0.9643327,0.09261602,0.2837497,0.085512534,0.5120253,0.4634138,0.04099253,0.09512019,0.053515468,0.78379434,0.7978364,0.11224341,0.66751736,0.16778806,0.03385301,0.041155055,0.24371743,0.15339299,0.024783181,0.021236032,0.16347754,0.15672068,0.14978102,0.8358081,0.62297493,0.5216482,0.16399786,0.8174173,0.31796202,0.09471604,0.019668147,0.04034767,0.23460075,0.18986684,0.5599258,0.95250005,0.061665606,0.06514105,0.114759766,0.7379426,0.57265764,0.09419186,0.010292575,0.90583646,0.04103617,0.67787933,0.08032652,0.023683537,0.032510806,0.4558857,0.047383524,0.039719902,0.39324564,0.729033,0.033597916,0.23390792,0.7038216,0.07349819,0.14273489,0.428846,0.045615073,0.5593403,0.018313583,0.40422636,0.026379135,0.23533572,0.1411655,0.437831,0.056760754,0.020055206,0.012199639,0.32026273,0.78522414,0.15540165,0.07953774,0.43698832,0.5985672,0.01144751,0.0076042973,0.016408049,0.51487494,0.94353133,0.09267562,0.031120893,0.3462121,0.13743065,0.06081121,0.3846762,0.5695466,0.79590195,0.88792,0.4643232,0.74646163,0.88428277,0.019047191,0.013990432,0.16270716,0.27290946,0.16774519,0.37698492,,
0,0.25041243,0.020148478,0.028502878,0.007477377,0.07045062,0.33624974,0.27122816,0.30161655,0.04694068,0.10397667,0.01995278,0.018370105,0.04332112,0.020793527,0.035312902,0.13894692,0.019941295,0.0046370025,0.29853132,0.23479669,0.05068728,0.07491379,0.017207611,0.17433858,0.3477406,0.16642484,0.113779016,0.15000138,0.6116481,0.014126787,0.08913369,0.37500554,0.5691161,0.7394242,0.042974718,0.27461192,0.07429236,0.040756736,0.35077345,0.19999489,0.031331275,0.01644117,0.03273524,0.017932912,0.024434457,0.2268685,0.031006541,0.008704534,0.10741163,0.019104883,0.051068038,0.07179704,0.2534277,0.12843111,0.49179193,0.23155154,0.03307193,0.024098942,0.29112154,0.04240588,0.76966417,0.38319525,0.7277104,0.2571002,0.079915114,0.4935559,0.37885132,0.14276968,0.56055194,0.7885997,0.74618006,0.08906979,0.38539982,0.8212279,0.64302456,0.19563244,0.7559451,0.9557401,0.035454813,0.012239147,0.018427985,0.03807588,0.10244603,0.11456784,0.008315133,0.02014465,0.37850508,0.744453,0.0545998,0.231129,0.87792164,0.08973948,0.017034115,0.034541078,0.02722101,0.083154894,0.5790554,0.47707996,0.03361829,0.046616398,0.019069962,0.23835586,0.83340716,0.042420138,0.70046926,0.12847783,0.19689175,0.28410113,0.54699427,0.82409614,0.6153473,0.009603166,0.01817833,0.07992395,0.2486334,0.06854102,0.04550923,0.23118854,0.6215113,0.22344351,0.2189679,0.041949168,0.05881111,0.140906,0.3700558,0.038411073,0.014775361,0.030535275,0.04612629,0.2408673,0.72236425,0.03904214,0.12979639,0.0775208,0.043334037,0.024202289,0.02807448,0.8150253,0.60926056,0.011359131,0.023159608,0.03609116,0.06479514,0.048474297,0.032163344,0.03378049,0.012623473,0.42935547,0.8226056,0.8037161,0.32209066,0.27136472,0.06627348,0.041568194,0.653529,0.8345935,0.5808518,0.38428837,0.0426342,0.014777176,0.046215955,0.056525946,0.23749337,0.12449544,0.38095787,0.06992624
0,0.7564906,0.80467117,0.015185717,0.010177023,0.06683134,0.06780404,0.052678775,0.011985491,0.019485239,0.38823855,0.06283697,0.015174965,0.031066991,0.01109933,0.110202864,0.3296783,0.06820521,0.24546422,0.026552849,0.3469824,0.016400192,0.4100933,0.075367086,0.47163805,0.039922543,0.057623286,0.08379841,0.25135925,0.016629618,0.7774677,0.21986493,0.046386655,0.021206558,0.6302794,0.20425454,0.01813919,0.07626973,0.1356226,0.16573799,0.80831665,0.15955472,0.6310765,0.7934653,0.19102599,0.3614521,0.6782061,0.08443419,0.031310644,0.69850475,0.10208193,0.17517745,0.034907266,0.073125035,0.19105537,0.043852825,0.24048203,0.84071237,0.015896589,0.061653245,0.14859368,0.14331777,0.36876655,0.038784575,0.834063,0.016207466,0.02958465,0.007706554,0.15218733,0.07895444,0.21572906,0.59391195,0.2335613,0.7889139,0.39591798,0.047852885,0.74759203,0.2018432,0.742039,0.87365377,0.21425898,0.006119744,0.044626784,0.74815625,0.18787374,0.39900738,0.7574638,0.8124367,0.038060267,0.09340647,0.59229445,0.8559114,0.030800167,0.05890051,0.66228837,0.023723237,0.03204753,0.016511146,0.06369551,0.024548763,0.09189197,0.06731189,0.14366573,0.10624898,0.54722005,0.021060565,0.031492535,0.605024,0.8425255,0.03168594,0.6743104,0.024929998,0.7800661,0.6107189,0.011565449,0.19226067,0.035572004,0.4703062,0.019027801,0.02491566,0.07141173,0.341464,0.61838895,0.5316939,0.02363542,0.5919634,0.53562343,0.01427117,0.019364767,0.052014984,0.16506353,0.06033296,0.015248289,0.25121146,0.37590504,0.73484015,0.8577325,0.372492,0.028287943,0.029269733,0.018390894,0.081554994,0.4580583,0.7248572,0.015278953,0.11254422,0.0039214855,0.10850535,0.06827538,0.05620408,0.3518638,0.40867344,0.6821998,0.81223446,0.2075951,0.5958223,0.74344575,0.1032215,0.036598917,0.871075,0.8171252,0.19549718,0.2162086,0.654841,0.18062545,0.048675984,0.261606
0,0.17688592,0.40152365,0.21118075,0.074460536,0.01515926,0.11639481,0.15127084,0.17901452,0.62287724,0.111206524,0.15720338,0.09379336,0.036696017,0.17661375,0.2908261,0.07051144,0.041275106,0.050860334,0.026079584,0.048305444,0.011189398,0.026701244,0.090926014,0.19706719,0.20776337,0.69711566,0.06647431,0.0571128,0.027072027,0.019964244,0.049708933,0.27018392,0.01599794,0.8991365,0.0293811,0.036882393,0.047750726,0.44214633,0.040789817,0.7840933,0.9436229,0.9269948,0.07084755,0.039927516,0.033812042,0.64594394,0.11039697,0.124088936,0.600163,0.17407817,0.3871414,0.58925605,0.04467137,0.08268824,0.10548997,0.24930207,0.4504463,0.04967301,0.046958856,0.057306096,0.6642449,0.07716756,0.048028752,0.2768767,0.43783924,0.027083796,0.77894354,0.7982494,0.8002187,0.26862776,0.027415266,0.27463415,0.43002048,0.34489274,0.66678023,0.13227734,0.53934956,0.18766344,0.0142063685,0.07000189,0.14417681,0.03343065,0.7542046,0.12982075,0.2020059,0.09720691,0.048700422,0.33211875,0.2224308,0.12087406,0.021648295,0.1240514,0.05246138,0.87159103,0.530599,0.12585245,0.05963972,0.19108695,0.973325,0.10292364,0.20349294,0.05305135,0.06835059,0.23525953,0.11427055,0.018083781,0.057850655,0.45018324,0.8880428,0.5555726,0.029957434,0.19057563,0.44763923,0.76799226,0.36780134,0.023306955,0.100364484,0.08078845,0.35045102,0.038054798,0.20262353,0.18274592,0.1257541,0.059015036,0.18436064,0.56604075,0.06268973,0.3467834,0.6607156,0.24665248,0.09574115,0.30901444,0.017538708,0.4616397,0.11764424,0.15836328,0.03221978,0.19015162,0.04666561,0.16941437,0.21945529,0.011375938,0.06742247,0.02862935,0.030698633,0.37017173,0.018941794,0.38592458,0.5984509,0.8820832,0.10649116,0.20214455,0.031269576,0.047391176,0.27422392,0.89931905,0.3469529,0.74981076,0.13140985,0.5699,0.12527397,0.6818607,0.040621925,0.35684028,,
0,0.7346629,0.3659407,0.09704667,0.6271448,0.06845588,0.023079237,0.021470664,0.10182448,0.13526888,0.02867793,0.047187537,0.11613318,0.08768608,0.2867355,0.024012279,0.15320845,0.20077766,0.10219741,0.23766337,0.03821246,0.012321217,0.016944941,0.35049042,0.10366682,0.05810122,0.040630195,0.0054772287,0.045113064,0.814777,0.009818017,0.014380897,0.045188602,0.06793358,0.080649324,0.09204807,0.27302065,0.052641906,0.0669948,0.030691534,0.4367349,0.1011179,0.45858708,0.03256067,0.28781894,0.22347839,0.063243754,0.006950334,0.40166828,0.04319854,0.8574996,0.26527497,0.028755873,0.13545115,0.77966106,0.015260081,0.35756207,0.4036047,0.29756206,0.55903596,0.70622164,0.7803683,0.03465132,0.43442675,0.007709298,0.03157494,0.6791785,0.20973986,0.6274168,0.8366687,0.021035928,0.04212732,0.06325508,0.23364656,0.057577778,0.12602791,0.055719752,0.4501591,0.13220872,0.07056413,0.3638382,0.4173145,0.08456566,0.029134436,0.11242655,0.7202016,0.032635666,0.014793006,0.2594316,0.049082167,0.17042068,0.018700404,0.35817322,0.09323585,0.14426605,0.32039508,0.12310395,0.09921874,0.119411804,0.017920638,0.34375277,0.9167341,0.05956088,0.6437063,0.011079446,0.07768494,0.037003476,0.7752201,0.60158795,0.07403291,0.024977235,0.6302516,0.100329995,0.05022076,0.12788269,0.07559162,0.060706753,0.0401436,0.36451468,0.051118325,0.016716756,0.2146614,0.10289934,0.03002732,0.08020272,0.47346538,0.12521839,0.070294656,0.013590494,0.16854395,0.010176209,0.03392055,0.048946615,0.034056753,0.31681564,0.07084838,0.0072701485,0.050504066,0.018201528,0.26199165,0.35388598,0.8326714,0.886261,0.5754303,0.4929104,0.6411284,0.88917583,0.76573306,0.35787258,0.81956446,0.56279486,0.8223845,0.8283414,0.63462275,0.9293888,0.8881856,0.72583187,0.09023117,0.85132384,0.13141046,0.46931872,0.16418944,0.08898629,0.11344054,0.016586756,,
0,0.7749451,0.33894807,0.016333224,0.1309219,0.038120445,0.03610774,0.01977646,0.1484798,0.3050873,0.0869665,0.21291351,0.06879933,0.034851737,0.041832104,0.1850088,0.027008995,0.03417072,0.82708913,0.31942123,0.2522866,0.06231938,0.042524613,0.22323927,0.056819126,0.24629067,0.018761808,0.011966948,0.21708924,0.037159547,0.09312643,0.08560268,0.099731244,0.65322006,0.017647784,0.03549845,0.4947607,0.16838169,0.20759948,0.023941575,0.91838396,0.01708254,0.14505343,0.2289355,0.69273126,0.09193434,0.11838609,0.21918973,0.03277907,0.11160433,0.15860642,0.28458196,0.023944404,0.067954205,0.33925438,0.081416346,0.11045504,0.6860976,0.06913138,0.047901075,0.4048131,0.24102153,0.27685386,0.15561177,0.35282448,0.24673034,0.34906745,0.9608666,0.3584436,0.2556665,0.019648239,0.40146443,0.4542502,0.033608355,0.059581727,0.66154593,0.10056795,0.66230655,0.83141226,0.27971676,0.6260532,0.05034648,0.10150021,0.5747118,0.01567535,0.022468021,0.013757121,0.07156188,0.1364156,0.17564064,0.037184432,0.8125305,0.52922285,0.052177403,0.17856508,0.81569004,0.27483547,0.17509735,0.024244659,0.3841365,0.5552352,0.9388066,0.060324706,0.089305446,0.067467175,0.09078013,0.60463166,0.41985032,0.50188637,0.88499874,0.079904586,0.36797762,0.032669738,0.37239867,0.58056015,0.62391096,0.2979486,0.43397123,0.2412572,0.76482385,0.035056446,0.026162922,0.2733806,0.12076986,0.450976,0.29671055,0.5730277,0.29582825,0.026096735,0.07998051,0.23798157,0.080867335,0.04561033,0.23714297,0.74673706,0.104963705,0.060613614,0.11159307,0.30762014,0.57440066,0.03591619,0.14299567,0.94736123,0.16202107,0.028192412,0.14207679,0.010780087,0.016529612,0.06299383,0.43686604,0.29014283,0.19545937,0.1785538,0.5143387,0.6693487,0.7840226,0.031056903,0.09354615,0.8753383,0.6225371,0.88544834,0.014817475,0.24333955,0.29988325,0.39962748,,
