,cosmic_id,assay_name
910910,910910,5500994173212120213068_A01
1287381,1287381,5500994158987071513209_A01
906862,906862,5500994172383112813929_A01
753575,753575,5500994158987071513202_A01
1240179,1240179,5500994158987071513207_A01
908125,908125,5500994172383112813928_A01
1240183,1240183,5500994172383112813930_A01
910566,910566,5500994172948120113978_A01
1660035,1660035,5500994173212120213068_A02
687983,687983,5500994157493061613625_A02
910784,910784,5500994158987071513209_A02
753554,753554,5500994172383112813929_A02
909975,909975,5500994158987071513202_A02
753596,753596,5500994158987071513207_A02
905984,905984,5500994172383112813928_A02
909696,909696,5500994158987071513201_A02
687820,687820,5500994172383112813930_A02
1240181,1240181,5500994172948120113978_A02
909715,909715,5500994173212120213068_A03
910927,910927,5500994157493061613625_A03
1290722,1290722,5500994172383112813929_A03
1240173,1240173,5500994158987071513207_A03
909743,909743,5500994172383112813928_A03
1240210,1240210,5500994158987071513201_A03
687815,687815,5500994172383112813930_A03
688014,688014,5500994172948120113978_A03
1295740,1295740,5500994173212120213068_A04
1240138,1240138,5500994157493061613625_A04
924104,924104,5500994158987071513209_A04
924108,924108,5500994172383112813929_A04
907279,907279,5500994158987071513202_A04
687588,687588,5500994158987071513207_A04
753572,753572,5500994172383112813928_A04
910544,910544,5500994158987071513201_A04
753605,753605,5500994172383112813930_A04
924241,924241,5500994172948120113978_A04
907281,907281,5500994173212120213068_A05
1240139,1240139,5500994157493061613625_A05
906801,906801,5500994158987071513209_A05
753546,753546,5500994172383112813929_A05
946361,946361,5500994158987071513202_A05
1299078,1299078,5500994158987071513207_A05
909976,909976,5500994172383112813928_A05
925347,925347,5500994158987071513201_A05
925341,925341,5500994172383112813930_A05
906823,906823,5500994172948120113978_A05
906864,906864,5500994173212120213068_A06
906792,906792,5500994157493061613625_A06
753538,753538,5500994158987071513209_A06
946370,946370,5500994172383112813929_A06
907796,907796,5500994158987071513202_A06
909905,909905,5500994158987071513207_A06
909720,909720,5500994172383112813928_A06
1240206,1240206,5500994158987071513201_A06
908444,908444,5500994172383112813930_A06
1322213,1322213,5500994172948120113978_A06
909974,909974,5500994173212120213068_A07
910688,910688,5500994157493061613625_A07
906820,906820,5500994158987071513209_A07
949165,949165,5500994172383112813929_A07
753588,753588,5500994158987071513202_A07
753621,753621,5500994158987071513207_A07
907290,907290,5500994172383112813928_A07
724868,724868,5500994158987071513201_A07
908455,908455,5500994172383112813930_A07
905955,905955,5500994172948120113978_A07
1503362,1503362,5500994173212120213068_A08
1240135,1240135,5500994157493061613625_A08
910852,910852,5500994158987071513209_A08
905938,905938,5500994172383112813929_A08
1298226,1298226,5500994158987071513202_A08
753623,753623,5500994158987071513207_A08
907050,907050,5500994172383112813928_A08
724866,724866,5500994158987071513201_A08
949174,949174,5500994172383112813930_A08
925340,925340,5500994173212120213068_A09
1290812,1290812,5500994157493061613625_A09
753547,753547,5500994158987071513209_A09
749714,749714,5500994172383112813929_A09
906868,906868,5500994158987071513202_A09
930297,930297,5500994158987071513207_A09
909754,909754,5500994172383112813928_A09
687995,687995,5500994158987071513201_A09
908449,908449,5500994172383112813930_A09
905957,905957,5500994172948120113978_A09
907045,907045,5500994157493061613625_A10
906807,906807,5500994158987071513209_A10
907053,907053,5500994172383112813929_A10
906873,906873,5500994158987071513202_A10
909709,909709,5500994158987071513207_A10
905973,905973,5500994172383112813928_A10
910548,910548,5500994158987071513201_A10
1330985,1330985,5500994172383112813930_A10
713869,713869,5500994172948120113978_A10
906861,906861,5500994157493061613625_A11
906839,906839,5500994158987071513209_A11
1290906,1290906,5500994172383112813929_A11
1240216,1240216,5500994158987071513207_A11
910549,910549,5500994158987071513201_A11
908473,908473,5500994172383112813930_A11
1480364,1480364,5500994172948120113978_A11
906830,906830,5500994157493061613625_A12
906853,906853,5500994158987071513209_A12
1303900,1303900,5500994172383112813929_A12
717431,717431,5500994158987071513207_A12
1240157,1240157,5500994172383112813928_A12
905991,905991,5500994158987071513201_A12
909749,909749,5500994172383112813930_A12
910706,910706,5500994172948120113978_A12
924248,924248,5500994173212120213068_B01
909750,909750,5500994157493061613625_B01
910924,910924,5500994158987071513209_B01
684059,684059,5500994172383112813929_B01
753594,753594,5500994158987071513207_B01
905960,905960,5500994172383112813928_B01
910401,910401,5500994158987071513201_B01
687800,687800,5500994172383112813930_B01
1480374,1480374,5500994172948120113978_B01
1659928,1659928,5500994173212120213068_B02
1240137,1240137,5500994157493061613625_B02
1295741,1295741,5500994172383112813929_B02
907300,907300,5500994158987071513202_B02
971777,971777,5500994158987071513207_B02
724872,724872,5500994172383112813928_B02
1524416,1524416,5500994158987071513201_B02
687821,687821,5500994172383112813930_B02
1322212,1322212,5500994172948120113978_B02
905985,905985,5500994173212120213068_B03
753552,753552,5500994157493061613625_B03
905950,905950,5500994158987071513209_B03
906804,906804,5500994172383112813929_B03
907276,907276,5500994158987071513202_B03
1330947,1330947,5500994158987071513207_B03
684072,684072,5500994172383112813928_B03
971774,971774,5500994158987071513201_B03
688011,688011,5500994172383112813930_B03
1330964,1330964,5500994172948120113978_B03
910702,910702,5500994173212120213068_B04
907065,907065,5500994157493061613625_B04
906763,906763,5500994158987071513209_B04
907277,907277,5500994158987071513202_B04
909777,909777,5500994158987071513207_B04
1240166,1240166,5500994172383112813928_B04
687455,687455,5500994158987071513201_B04
905967,905967,5500994172383112813930_B04
1297449,1297449,5500994172948120113978_B04
907318,907318,5500994173212120213068_B05
925338,925338,5500994157493061613625_B05
906696,906696,5500994158987071513209_B05
906836,906836,5500994172383112813929_B05
753586,753586,5500994158987071513202_B05
1299081,1299081,5500994158987071513207_B05
1298215,1298215,5500994172383112813928_B05
925348,925348,5500994158987071513201_B05
1290795,1290795,5500994173212120213068_B06
1290809,1290809,5500994157493061613625_B06
905963,905963,5500994158987071513209_B06
906848,906848,5500994172383112813929_B06
1330935,1330935,5500994158987071513202_B06
909904,909904,5500994158987071513207_B06
1298141,1298141,5500994172383112813928_B06
1240207,1240207,5500994158987071513201_B06
908446,908446,5500994172383112813930_B06
907273,907273,5500994172948120113978_B06
909262,909262,5500994173212120213068_B07
949158,949158,5500994157493061613625_B07
906818,906818,5500994158987071513209_B07
949166,949166,5500994172383112813929_B07
910694,910694,5500994158987071513202_B07
753622,753622,5500994158987071513207_B07
753599,753599,5500994158987071513201_B07
1330982,1330982,5500994172383112813930_B07
1298353,1298353,5500994172948120113978_B07
908461,908461,5500994173212120213068_B08
924110,924110,5500994157493061613625_B08
1290765,1290765,5500994158987071513209_B08
907061,907061,5500994172383112813929_B08
907323,907323,5500994158987071513202_B08
946353,946353,5500994158987071513207_B08
1240146,1240146,5500994172383112813928_B08
1240184,1240184,5500994158987071513201_B08
687787,687787,5500994172948120113978_B08
724870,724870,5500994173212120213068_B09
1240134,1240134,5500994157493061613625_B09
910692,910692,5500994158987071513209_B09
907072,907072,5500994172383112813929_B09
910932,910932,5500994158987071513202_B09
1331032,1331032,5500994158987071513207_B09
909757,909757,5500994172383112813928_B09
687798,687798,5500994158987071513201_B09
1480371,1480371,5500994172383112813930_B09
907172,907172,5500994157493061613625_B10
946368,946368,5500994158987071513209_B10
1298136,1298136,5500994172383112813929_B10
907291,907291,5500994158987071513202_B10
909738,909738,5500994158987071513207_B10
753559,753559,5500994172383112813928_B10
910947,910947,5500994158987071513201_B10
1330984,1330984,5500994172383112813930_B10
687452,687452,5500994157493061613625_B11
907295,907295,5500994158987071513209_B11
1240149,1240149,5500994172383112813929_B11
910948,910948,5500994158987071513202_B11
687457,687457,5500994158987071513207_B11
907270,907270,5500994172383112813928_B11
909248,909248,5500994158987071513201_B11
1240186,1240186,5500994172383112813930_B11
1503364,1503364,5500994172948120113978_B11
905947,905947,5500994157493061613625_B12
906855,906855,5500994158987071513209_B12
905971,905971,5500994172383112813929_B12
688087,688087,5500994158987071513207_B12
1240158,1240158,5500994172383112813928_B12
1240198,1240198,5500994158987071513201_B12
909711,909711,5500994172383112813930_B12
946357,946357,5500994173212120213068_C01
1298134,1298134,5500994157493061613625_C01
687561,687561,5500994158987071513209_C01
911905,911905,5500994172383112813929_C01
907319,907319,5500994158987071513202_C01
908156,908156,5500994158987071513207_C01
908121,908121,5500994172383112813928_C01
687807,687807,5500994172383112813930_C01
724839,724839,5500994172948120113978_C01
907058,907058,5500994157493061613625_C02
906793,906793,5500994158987071513209_C02
1287706,1287706,5500994172383112813929_C02
753574,753574,5500994158987071513202_C02
753595,753595,5500994158987071513207_C02
909713,909713,5500994172383112813928_C02
1330995,1330995,5500994158987071513201_C02
1240187,1240187,5500994172383112813930_C02
1298357,1298357,5500994172948120113978_C02
910935,910935,5500994173212120213068_C03
1290814,1290814,5500994157493061613625_C03
910933,910933,5500994158987071513209_C03
753531,753531,5500994172383112813929_C03
1327774,1327774,5500994158987071513202_C03
905958,905958,5500994158987071513207_C03
1240219,1240219,5500994172383112813928_C03
910861,910861,5500994158987071513201_C03
1240189,1240189,5500994172383112813930_C03
1240144,1240144,5500994172948120113978_C03
905975,905975,5500994157493061613625_C04
753616,753616,5500994158987071513209_C04
1290769,1290769,5500994172383112813929_C04
1298219,1298219,5500994158987071513202_C04
909778,909778,5500994158987071513207_C04
909704,909704,5500994158987071513201_C04
722066,722066,5500994172383112813930_C04
907280,907280,5500994173212120213068_C05
905939,905939,5500994157493061613625_C05
905951,905951,5500994158987071513209_C05
946369,946369,5500994172383112813929_C05
907786,907786,5500994158987071513202_C05
1240226,1240226,5500994158987071513207_C05
907282,907282,5500994172383112813928_C05
1240201,1240201,5500994158987071513201_C05
1240192,1240192,5500994172383112813930_C05
1331025,1331025,5500994172948120113978_C05
910704,910704,5500994157493061613625_C06
910943,910943,5500994158987071513209_C06
906849,906849,5500994172383112813929_C06
924239,924239,5500994158987071513202_C06
909907,909907,5500994158987071513207_C06
907062,907062,5500994172383112813928_C06
909260,909260,5500994158987071513201_C06
908158,908158,5500994172383112813930_C06
1290767,1290767,5500994172948120113978_C06
1330993,1330993,5500994173212120213068_C07
908460,908460,5500994157493061613625_C07
910689,910689,5500994158987071513209_C07
905970,905970,5500994172383112813929_C07
1240169,1240169,5500994158987071513202_C07
1240222,1240222,5500994158987071513207_C07
907059,907059,5500994172383112813928_C07
684681,684681,5500994158987071513201_C07
949178,949178,5500994172383112813930_C07
1503368,1503368,5500994172948120113978_C07
909194,909194,5500994173212120213068_C08
909745,909745,5500994157493061613625_C08
910915,910915,5500994158987071513209_C08
907285,907285,5500994172383112813929_C08
906863,906863,5500994158987071513202_C08
909770,909770,5500994158987071513207_C08
907064,907064,5500994172383112813928_C08
908475,908475,5500994158987071513201_C08
908450,908450,5500994172383112813930_C08
908135,908135,5500994173212120213068_C09
907173,907173,5500994157493061613625_C09
906808,906808,5500994158987071513209_C09
907299,907299,5500994158987071513202_C09
905982,905982,5500994158987071513207_C09
908463,908463,5500994158987071513201_C09
1503363,1503363,5500994172383112813930_C09
1330950,1330950,5500994172948120113978_C09
905936,905936,5500994157493061613625_C10
1290797,1290797,5500994158987071513209_C10
907055,907055,5500994172383112813929_C10
906871,906871,5500994158987071513202_C10
724879,724879,5500994158987071513207_C10
1327771,1327771,5500994172383112813928_C10
905978,905978,5500994158987071513201_C10
1330983,1330983,5500994172383112813930_C10
1240193,1240193,5500994172948120113978_C10
1303896,1303896,5500994157493061613625_C11
910936,910936,5500994158987071513209_C11
907043,907043,5500994172383112813929_C11
925343,925343,5500994158987071513202_C11
909719,909719,5500994158987071513207_C11
1327769,1327769,5500994172383112813928_C11
1298362,1298362,5500994158987071513201_C11
909737,909737,5500994172383112813930_C11
1240125,1240125,5500994172948120113978_C11
907320,907320,5500994157493061613625_C12
949156,949156,5500994158987071513209_C12
1290907,1290907,5500994172383112813929_C12
908126,908126,5500994158987071513202_C12
907171,907171,5500994172383112813928_C12
1240199,1240199,5500994158987071513201_C12
908474,908474,5500994172383112813930_C12
1331040,1331040,5500994173212120213068_D01
688058,688058,5500994157493061613625_D01
906800,906800,5500994158987071513209_D01
949164,949164,5500994172383112813929_D01
907321,907321,5500994158987071513202_D01
1240178,1240178,5500994158987071513207_D01
908122,908122,5500994172383112813928_D01
1524418,1524418,5500994158987071513201_D01
688018,688018,5500994172383112813930_D01
907791,907791,5500994172948120113978_D01
1659823,1659823,5500994173212120213068_D02
905974,905974,5500994157493061613625_D02
910697,910697,5500994158987071513209_D02
910851,910851,5500994172383112813929_D02
907311,907311,5500994158987071513202_D02
908131,908131,5500994158987071513207_D02
1240209,1240209,5500994158987071513201_D02
688013,688013,5500994172383112813930_D02
908483,908483,5500994172948120113978_D02
907060,907060,5500994157493061613625_D03
753532,753532,5500994172383112813929_D03
909728,909728,5500994172383112813928_D03
909699,909699,5500994158987071513201_D03
724874,724874,5500994172383112813930_D03
910942,910942,5500994172948120113978_D03
906693,906693,5500994173212120213068_D04
908470,908470,5500994157493061613625_D04
753534,753534,5500994158987071513209_D04
1240123,1240123,5500994172383112813929_D04
1330931,1330931,5500994158987071513202_D04
1299075,1299075,5500994158987071513207_D04
909732,909732,5500994172383112813928_D04
909706,909706,5500994158987071513201_D04
1240190,1240190,5500994172383112813930_D04
1303912,1303912,5500994172948120113978_D04
909977,909977,5500994173212120213068_D05
908465,908465,5500994157493061613625_D05
949093,949093,5500994158987071513209_D05
946367,946367,5500994172383112813929_D05
949170,949170,5500994158987071513202_D05
909785,909785,5500994158987071513207_D05
1298216,1298216,5500994172383112813928_D05
753608,753608,5500994158987071513201_D05
908457,908457,5500994172383112813930_D05
909702,909702,5500994172948120113978_D05
687777,687777,5500994173212120213068_D06
906746,906746,5500994157493061613625_D06
946382,946382,5500994158987071513209_D06
684057,684057,5500994172383112813929_D06
753592,753592,5500994158987071513202_D06
687592,687592,5500994158987071513207_D06
907066,907066,5500994172383112813928_D06
683667,683667,5500994158987071513201_D06
908445,908445,5500994172383112813930_D06
1298351,1298351,5500994172948120113978_D06
1298531,1298531,5500994173212120213068_D07
909703,909703,5500994157493061613625_D07
910569,910569,5500994158987071513209_D07
906856,906856,5500994172383112813929_D07
1240168,1240168,5500994158987071513202_D07
946356,946356,5500994158987071513207_D07
753558,753558,5500994172383112813928_D07
908471,908471,5500994158987071513201_D07
1509074,1509074,5500994172383112813930_D07
753579,753579,5500994172948120113978_D07
908481,908481,5500994173212120213068_D08
724855,724855,5500994157493061613625_D08
906824,906824,5500994158987071513209_D08
924111,924111,5500994172383112813929_D08
1290806,1290806,5500994158987071513202_D08
909771,909771,5500994158987071513207_D08
724869,724869,5500994172383112813928_D08
688010,688010,5500994158987071513201_D08
910849,910849,5500994172383112813930_D08
910920,910920,5500994173212120213068_D09
724831,724831,5500994157493061613625_D09
906805,906805,5500994158987071513209_D09
1240145,1240145,5500994172383112813929_D09
906999,906999,5500994158987071513202_D09
909739,909739,5500994158987071513207_D09
910899,910899,5500994158987071513201_D09
905990,905990,5500994172383112813930_D09
909774,909774,5500994172948120113978_D09
906813,906813,5500994157493061613625_D10
946373,946373,5500994158987071513209_D10
924151,924151,5500994172383112813929_D10
906872,906872,5500994158987071513202_D10
1247871,1247871,5500994158987071513207_D10
1327766,1327766,5500994172383112813928_D10
1298534,1298534,5500994158987071513201_D10
1331039,1331039,5500994172948120113978_D10
946359,946359,5500994157493061613625_D11
905935,905935,5500994158987071513209_D11
1290908,1290908,5500994172383112813929_D11
905959,905959,5500994158987071513207_D11
909249,909249,5500994158987071513201_D11
905979,905979,5500994172383112813930_D11
909718,909718,5500994172948120113978_D11
909707,909707,5500994157493061613625_D12
1240143,1240143,5500994172383112813929_D12
910906,910906,5500994158987071513207_D12
910779,910779,5500994172383112813928_D12
1240200,1240200,5500994158987071513201_D12
910701,910701,5500994172383112813930_D12
1674021,1674021,5500994173212120213068_E01
910399,910399,5500994157493061613625_E01
910922,910922,5500994158987071513209_E01
906847,906847,5500994172383112813929_E01
908141,908141,5500994158987071513207_E01
713880,713880,5500994172383112813928_E01
909263,909263,5500994158987071513201_E01
687802,687802,5500994172383112813930_E01
1297447,1297447,5500994172948120113978_E01
688086,688086,5500994173212120213068_E02
687816,687816,5500994157493061613625_E02
910934,910934,5500994158987071513209_E02
905948,905948,5500994172383112813929_E02
907313,907313,5500994158987071513202_E02
908136,908136,5500994158987071513207_E02
905965,905965,5500994172383112813928_E02
910931,910931,5500994158987071513201_E02
1298356,1298356,5500994172383112813930_E02
1240124,1240124,5500994172948120113978_E02
907794,907794,5500994157493061613625_E03
906765,906765,5500994158987071513209_E03
753533,753533,5500994172383112813929_E03
1298168,1298168,5500994158987071513202_E03
753615,753615,5500994158987071513207_E03
909729,909729,5500994172383112813928_E03
909700,909700,5500994158987071513201_E03
908443,908443,5500994172383112813930_E03
1480359,1480359,5500994172948120113978_E03
1524414,1524414,5500994173212120213068_E04
909698,909698,5500994157493061613625_E04
910698,910698,5500994158987071513209_E04
905952,905952,5500994172383112813929_E04
753570,753570,5500994158987071513202_E04
1331048,1331048,5500994158987071513207_E04
930298,930298,5500994172383112813928_E04
910545,910545,5500994158987071513201_E04
688025,688025,5500994172383112813930_E04
949090,949090,5500994172948120113978_E04
907275,907275,5500994173212120213068_E05
910903,910903,5500994157493061613625_E05
910710,910710,5500994158987071513209_E05
753549,753549,5500994172383112813929_E05
713899,713899,5500994158987071513202_E05
1299080,1299080,5500994158987071513207_E05
753569,753569,5500994172383112813928_E05
1240202,1240202,5500994158987071513201_E05
724825,724825,5500994172383112813930_E05
910567,910567,5500994173212120213068_E06
910952,910952,5500994157493061613625_E06
724859,724859,5500994158987071513209_E06
949161,949161,5500994172383112813929_E06
907795,907795,5500994158987071513202_E06
905981,905981,5500994158987071513207_E06
1240208,1240208,5500994158987071513201_E06
908159,908159,5500994172383112813930_E06
1240182,1240182,5500994172948120113978_E06
905934,905934,5500994173212120213068_E07
909784,909784,5500994157493061613625_E07
687505,687505,5500994158987071513209_E07
1503370,1503370,5500994172383112813929_E07
1240170,1240170,5500994158987071513202_E07
946354,946354,5500994158987071513207_E07
907042,907042,5500994172383112813928_E07
687997,687997,5500994158987071513201_E07
908448,908448,5500994172383112813930_E07
1298146,1298146,5500994172948120113978_E07
1330973,1330973,5500994173212120213068_E08
724873,724873,5500994157493061613625_E08
906814,906814,5500994158987071513209_E08
907069,907069,5500994172383112813929_E08
1299064,1299064,5500994158987071513207_E08
907287,907287,5500994172383112813928_E08
908472,908472,5500994158987071513201_E08
949177,949177,5500994172383112813930_E08
749710,749710,5500994172948120113978_E08
1240220,1240220,5500994173212120213068_E09
684055,684055,5500994157493061613625_E09
687780,687780,5500994158987071513209_E09
749711,749711,5500994172383112813929_E09
906865,906865,5500994158987071513202_E09
1331038,1331038,5500994158987071513207_E09
753612,753612,5500994172383112813928_E09
910900,910900,5500994158987071513201_E09
905933,905933,5500994172383112813930_E09
908144,908144,5500994172948120113978_E09
906833,906833,5500994158987071513209_E10
749715,749715,5500994172383112813929_E10
906877,906877,5500994158987071513202_E10
909725,909725,5500994158987071513207_E10
907268,907268,5500994172383112813928_E10
1298539,1298539,5500994158987071513201_E10
688006,688006,5500994172383112813930_E10
1480361,1480361,5500994172948120113978_E10
906834,906834,5500994157493061613625_E11
906843,906843,5500994158987071513209_E11
1240151,1240151,5500994172383112813929_E11
908147,908147,5500994158987071513202_E11
909755,909755,5500994158987071513207_E11
1240159,1240159,5500994172383112813928_E11
1240196,1240196,5500994158987071513201_E11
909746,909746,5500994172383112813930_E11
1290724,1290724,5500994172948120113978_E11
1240128,1240128,5500994158987071513209_E12
749709,749709,5500994172383112813929_E12
908128,908128,5500994158987071513202_E12
724812,724812,5500994158987071513207_E12
1240155,1240155,5500994172383112813928_E12
910546,910546,5500994158987071513201_E12
909740,909740,5500994172383112813930_E12
1331036,1331036,5500994173212120213068_F01
906798,906798,5500994157493061613625_F01
906795,906795,5500994158987071513209_F01
753556,753556,5500994172383112813929_F01
753576,753576,5500994158987071513202_F01
908151,908151,5500994158987071513207_F01
910911,910911,5500994172383112813928_F01
1298352,1298352,5500994172383112813930_F01
1298347,1298347,5500994172948120113978_F01
724828,724828,5500994173212120213068_F02
910079,910079,5500994157493061613625_F02
910925,910925,5500994158987071513209_F02
906794,906794,5500994172383112813929_F02
1330933,1330933,5500994158987071513202_F02
905946,905946,5500994158987071513207_F02
1299070,1299070,5500994172383112813928_F02
909697,909697,5500994158987071513201_F02
687812,687812,5500994172383112813930_F02
687980,687980,5500994172948120113978_F02
687562,687562,5500994173212120213068_F03
908462,908462,5500994157493061613625_F03
910687,910687,5500994158987071513209_F03
1298169,1298169,5500994158987071513202_F03
724838,724838,5500994158987071513207_F03
930083,930083,5500994158987071513201_F03
688022,688022,5500994172383112813930_F03
1290798,1290798,5500994157493061613625_F04
753535,753535,5500994158987071513209_F04
753578,753578,5500994158987071513202_F04
909780,909780,5500994158987071513207_F04
909721,909721,5500994172383112813928_F04
909251,909251,5500994158987071513201_F04
688026,688026,5500994172383112813930_F04
688001,688001,5500994172948120113978_F04
1298145,1298145,5500994173212120213068_F05
905976,905976,5500994157493061613625_F05
910700,910700,5500994158987071513209_F05
753551,753551,5500994172383112813929_F05
724863,724863,5500994158987071513202_F05
1331049,1331049,5500994158987071513207_F05
907274,907274,5500994172383112813928_F05
1298529,1298529,5500994158987071513201_F05
688027,688027,5500994172383112813930_F05
910937,910937,5500994172948120113978_F05
753540,753540,5500994173212120213068_F06
906844,906844,5500994157493061613625_F06
753624,753624,5500994158987071513209_F06
949160,949160,5500994172383112813929_F06
998189,998189,5500994158987071513202_F06
713885,713885,5500994158987071513207_F06
907286,907286,5500994172383112813928_F06
1330987,1330987,5500994158987071513201_F06
949171,949171,5500994172383112813930_F06
908142,908142,5500994172948120113978_F06
1298475,1298475,5500994173212120213068_F07
1240212,1240212,5500994157493061613625_F07
910703,910703,5500994158987071513209_F07
906854,906854,5500994172383112813929_F07
907783,907783,5500994158987071513202_F07
753614,753614,5500994158987071513207_F07
949153,949153,5500994172383112813928_F07
687799,687799,5500994158987071513201_F07
908451,908451,5500994172383112813930_F07
1240147,1240147,5500994172948120113978_F07
908468,908468,5500994173212120213068_F08
1298151,1298151,5500994157493061613625_F08
906821,906821,5500994158987071513209_F08
905937,905937,5500994172383112813929_F08
1240129,1240129,5500994158987071513202_F08
1240223,1240223,5500994158987071513207_F08
907057,907057,5500994172383112813928_F08
722058,722058,5500994158987071513201_F08
949175,949175,5500994172383112813930_F08
753581,753581,5500994172948120113978_F08
907790,907790,5500994173212120213068_F09
906817,906817,5500994157493061613625_F09
924105,924105,5500994158987071513209_F09
1247873,1247873,5500994172383112813929_F09
1240130,1240130,5500994158987071513202_F09
905956,905956,5500994158987071513207_F09
909731,909731,5500994172383112813928_F09
753600,753600,5500994158987071513201_F09
1298358,1298358,5500994172383112813930_F09
908123,908123,5500994172948120113978_F09
1503367,1503367,5500994157493061613625_F10
906837,906837,5500994158987071513209_F10
749716,749716,5500994172383112813929_F10
1290807,1290807,5500994158987071513202_F10
910907,910907,5500994158987071513207_F10
753566,753566,5500994172383112813928_F10
1524419,1524419,5500994158987071513201_F10
909748,909748,5500994172383112813930_F10
1331037,1331037,5500994172948120113978_F10
753541,753541,5500994157493061613625_F11
906832,906832,5500994158987071513209_F11
907056,907056,5500994172383112813929_F11
908146,908146,5500994158987071513202_F11
905962,905962,5500994158987071513207_F11
1240160,1240160,5500994172383112813928_F11
1240197,1240197,5500994158987071513201_F11
909744,909744,5500994172383112813930_F11
1298537,1298537,5500994172948120113978_F11
949167,949167,5500994158987071513209_F12
907067,907067,5500994172383112813929_F12
687514,687514,5500994158987071513202_F12
905945,905945,5500994158987071513207_F12
1240153,1240153,5500994172383112813928_F12
1330991,1330991,5500994158987071513201_F12
1240217,1240217,5500994172383112813930_F12
1660036,1660036,5500994173212120213068_G01
1290730,1290730,5500994157493061613625_G01
910921,910921,5500994158987071513209_G01
753555,753555,5500994172383112813929_G01
753573,753573,5500994158987071513202_G01
908139,908139,5500994158987071513207_G01
1299050,1299050,5500994172383112813928_G01
1297439,1297439,5500994172948120113978_G01
909727,909727,5500994173212120213068_G02
905977,905977,5500994157493061613625_G02
905949,905949,5500994158987071513209_G02
906791,906791,5500994172383112813929_G02
907271,907271,5500994158987071513202_G02
925339,925339,5500994158987071513207_G02
724878,724878,5500994172383112813928_G02
1298538,1298538,5500994158987071513201_G02
687819,687819,5500994172383112813930_G02
908132,908132,5500994172948120113978_G02
909255,909255,5500994157493061613625_G03
910705,910705,5500994158987071513209_G03
910916,910916,5500994172383112813929_G03
924188,924188,5500994158987071513202_G03
905983,905983,5500994158987071513207_G03
1299059,1299059,5500994172383112813928_G03
909701,909701,5500994158987071513201_G03
908482,908482,5500994172383112813930_G03
1297438,1297438,5500994172948120113978_G03
1330942,1330942,5500994173212120213068_G04
1240131,1240131,5500994157493061613625_G04
1240122,1240122,5500994158987071513209_G04
910568,910568,5500994172383112813929_G04
753582,753582,5500994158987071513202_G04
688121,688121,5500994158987071513207_G04
909722,909722,5500994172383112813928_G04
909252,909252,5500994158987071513201_G04
908459,908459,5500994172383112813930_G04
924240,924240,5500994172948120113978_G04
1322224,1322224,5500994173212120213068_G05
1240141,1240141,5500994157493061613625_G05
910850,910850,5500994158987071513209_G05
1297446,1297446,5500994172383112813929_G05
713878,713878,5500994158987071513202_G05
1331050,1331050,5500994158987071513207_G05
909726,909726,5500994172383112813928_G05
1240204,1240204,5500994158987071513201_G05
688031,688031,5500994172383112813930_G05
1480358,1480358,5500994172948120113978_G05
924106,924106,5500994173212120213068_G06
1290810,1290810,5500994157493061613625_G06
910853,910853,5500994158987071513209_G06
949168,949168,5500994172383112813929_G06
907792,907792,5500994158987071513202_G06
909708,909708,5500994158987071513207_G06
907073,907073,5500994172383112813928_G06
946360,946360,5500994158987071513201_G06
949172,949172,5500994172383112813930_G06
1323913,1323913,5500994172948120113978_G06
909253,909253,5500994173212120213068_G07
753618,753618,5500994157493061613625_G07
924107,924107,5500994158987071513209_G07
1503369,1503369,5500994172383112813929_G07
735784,735784,5500994158987071513207_G07
905972,905972,5500994172383112813928_G07
1298349,1298349,5500994158987071513201_G07
908447,908447,5500994172383112813930_G07
687829,687829,5500994157493061613625_G08
906812,906812,5500994158987071513209_G08
907048,907048,5500994172383112813929_G08
906869,906869,5500994158987071513202_G08
909773,909773,5500994158987071513207_G08
1240154,1240154,5500994172383112813928_G08
1298348,1298348,5500994158987071513201_G08
949176,949176,5500994172383112813930_G08
949155,949155,5500994157493061613625_G09
753548,753548,5500994158987071513209_G09
1240140,1240140,5500994172383112813929_G09
906875,906875,5500994158987071513202_G09
909716,909716,5500994158987071513207_G09
753564,753564,5500994172383112813928_G09
910930,910930,5500994172383112813930_G09
1290813,1290813,5500994157493061613625_G10
906838,906838,5500994158987071513209_G10
907046,907046,5500994172383112813929_G10
907298,907298,5500994158987071513202_G10
909756,909756,5500994158987071513207_G10
907175,907175,5500994172383112813928_G10
909256,909256,5500994158987071513201_G10
909751,909751,5500994172383112813930_G10
1480360,1480360,5500994172948120113978_G10
909747,909747,5500994157493061613625_G11
906851,906851,5500994158987071513209_G11
1240142,1240142,5500994172383112813929_G11
908148,908148,5500994158987071513202_G11
909736,909736,5500994158987071513207_G11
1240161,1240161,5500994172383112813928_G11
905969,905969,5500994158987071513201_G11
1331035,1331035,5500994172383112813930_G11
1290725,1290725,5500994172948120113978_G11
684062,684062,5500994158987071513209_G12
907289,907289,5500994172383112813929_G12
908124,908124,5500994158987071513202_G12
687586,687586,5500994158987071513207_G12
905968,905968,5500994172383112813928_G12
1240185,1240185,5500994158987071513201_G12
905986,905986,5500994172383112813930_G12
1660034,1660034,5500994173212120213068_H01
1290808,1290808,5500994157493061613625_H01
687563,687563,5500994158987071513209_H01
906846,906846,5500994172383112813929_H01
907317,907317,5500994158987071513202_H01
908138,908138,5500994158987071513207_H01
753610,753610,5500994172383112813928_H01
909264,909264,5500994158987071513201_H01
1330941,1330941,5500994172948120113978_H01
753620,753620,5500994173212120213068_H02
906797,906797,5500994157493061613625_H02
684052,684052,5500994158987071513209_H02
910944,910944,5500994172383112813929_H02
1327775,1327775,5500994158987071513202_H02
907799,907799,5500994158987071513207_H02
910209,910209,5500994172383112813928_H02
971773,971773,5500994158987071513201_H02
905942,905942,5500994172383112813930_H02
906790,906790,5500994173212120213068_H03
910695,910695,5500994157493061613625_H03
910919,910919,5500994158987071513209_H03
1240121,1240121,5500994172383112813929_H03
924186,924186,5500994158987071513202_H03
687590,687590,5500994158987071513207_H03
909724,909724,5500994172383112813928_H03
905964,905964,5500994158987071513201_H03
905944,905944,5500994172383112813930_H03
683665,683665,5500994172948120113978_H03
1240132,1240132,5500994157493061613625_H04
949088,949088,5500994172383112813929_H04
907787,907787,5500994158987071513202_H04
909779,909779,5500994158987071513207_H04
753563,753563,5500994172383112813928_H04
925346,925346,5500994158987071513201_H04
753607,753607,5500994172383112813930_H04
910780,910780,5500994172948120113978_H04
949162,949162,5500994173212120213068_H05
908150,908150,5500994157493061613625_H05
906842,906842,5500994172383112813929_H05
753589,753589,5500994158987071513202_H05
1298222,1298222,5500994172383112813928_H05
1240205,1240205,5500994158987071513201_H05
1240191,1240191,5500994172383112813930_H05
908469,908469,5500994172948120113978_H05
1524417,1524417,5500994173212120213068_H06
907169,907169,5500994157493061613625_H06
910941,910941,5500994158987071513209_H06
1503366,1503366,5500994172383112813929_H06
917486,917486,5500994158987071513202_H06
909257,909257,5500994158987071513201_H06
908440,908440,5500994172383112813930_H06
753539,753539,5500994172948120113978_H06
722045,722045,5500994157493061613625_H07
906827,906827,5500994158987071513209_H07
907789,907789,5500994158987071513202_H07
946355,946355,5500994158987071513207_H07
1290922,1290922,5500994172383112813928_H07
908476,908476,5500994158987071513201_H07
908452,908452,5500994172383112813930_H07
1479995,1479995,5500994172948120113978_H07
1659818,1659818,5500994173212120213068_H08
909723,909723,5500994157493061613625_H08
907047,907047,5500994172383112813929_H08
687568,687568,5500994158987071513202_H08
687459,687459,5500994158987071513207_H08
753565,753565,5500994172383112813928_H08
908467,908467,5500994158987071513201_H08
908454,908454,5500994172383112813930_H08
905961,905961,5500994157493061613625_H09
687596,687596,5500994158987071513209_H09
1240150,1240150,5500994172383112813929_H09
907041,907041,5500994158987071513202_H09
1331033,1331033,5500994158987071513207_H09
907170,907170,5500994172383112813928_H09
1298350,1298350,5500994158987071513201_H09
910904,910904,5500994172383112813930_H09
946358,946358,5500994172948120113978_H09
910926,910926,5500994157493061613625_H10
906841,906841,5500994158987071513209_H10
1290905,1290905,5500994172383112813929_H10
924250,924250,5500994158987071513202_H10
905954,905954,5500994158987071513207_H10
1327765,1327765,5500994172383112813928_H10
1298359,1298359,5500994158987071513201_H10
924244,924244,5500994172383112813930_H10
1503365,1503365,5500994172948120113978_H10
1240136,1240136,5500994157493061613625_H11
906852,906852,5500994158987071513209_H11
907071,907071,5500994172383112813929_H11
908149,908149,5500994158987071513202_H11
909742,909742,5500994158987071513207_H11
1240162,1240162,5500994172383112813928_H11
909250,909250,5500994158987071513201_H11
909759,909759,5500994172383112813930_H11
949163,949163,5500994158987071513209_H12
907068,907068,5500994172383112813929_H12
909761,909761,5500994158987071513207_H12
688007,688007,5500994158987071513201_H12
909712,909712,5500994172383112813930_H12
909735,909735,5500994175999120813240_A01
687804,687804,5500994175999120813240_A08
949173,949173,5500994175999120813240_A02
1524415,1524415,5500994175999120813240_A09
688023,688023,5500994175999120813240_A10
907269,907269,5500994175999120813240_A04
905980,905980,5500994175999120813240_A11
1331045,1331045,5500994175999120813240_A05
906835,906835,5500994175999120813240_A06
907314,907314,5500994175999120813240_A07
907272,907272,5500994173603120813304_A10
1298526,1298526,5500994173603120813304_A11
949157,949157,5500994173603120813304_A12
907322,907322,5500994175999120813240_B01
1290455,1290455,5500994175999120813240_B08
906831,906831,5500994175999120813240_B02
749717,749717,5500994175999120813240_B09
910554,910554,5500994175999120813240_B03
930082,930082,5500994175999120813240_B10
906870,906870,5500994175999120813240_B04
724834,724834,5500994175999120813240_B11
1240167,1240167,5500994175999120813240_B05
1240172,1240172,5500994175999120813240_B06
1330948,1330948,5500994175999120813240_B07
753561,753561,5500994173603120813304_B11
946372,946372,5500994175999120813240_C01
906828,906828,5500994175999120813240_C08
924102,924102,5500994175999120813240_C02
909753,909753,5500994175999120813240_C09
1327768,1327768,5500994175999120813240_C03
910951,910951,5500994175999120813240_C04
687985,687985,5500994175999120813240_C11
949094,949094,5500994175999120813240_C05
1290768,1290768,5500994175999120813240_C06
1290771,1290771,5500994175999120813240_C07
910905,910905,5500994173603120813304_C10
949179,949179,5500994173603120813304_C11
1299052,1299052,5500994173603120813304_C12
749713,749713,5500994175999120813240_D01
1503371,1503371,5500994175999120813240_D08
1479988,1479988,5500994175999120813240_D02
909769,909769,5500994175999120813240_D09
908152,908152,5500994175999120813240_D03
925345,925345,5500994175999120813240_D10
1330994,1330994,5500994175999120813240_D04
909717,909717,5500994175999120813240_D11
1331034,1331034,5500994175999120813240_D05
1303897,1303897,5500994175999120813240_D06
1298160,1298160,5500994175999120813240_D07
907278,907278,5500994173603120813304_D10
905940,905940,5500994173603120813304_D11
753604,753604,5500994173603120813304_D12
908143,908143,5500994175999120813240_E01
1479987,1479987,5500994175999120813240_E08
905989,905989,5500994175999120813240_E02
687600,687600,5500994175999120813240_E09
1509073,1509073,5500994175999120813240_E03
909781,909781,5500994175999120813240_E10
688021,688021,5500994175999120813240_E11
1327773,1327773,5500994175999120813240_E05
753583,753583,5500994175999120813240_E06
753545,753545,5500994175999120813240_E07
1298476,1298476,5500994173603120813304_E10
687506,687506,5500994173603120813304_E12
753577,753577,5500994175999120813240_F01
1322218,1322218,5500994175999120813240_F08
907312,907312,5500994175999120813240_F02
1330972,1330972,5500994175999120813240_F09
909776,909776,5500994175999120813240_F10
1480362,1480362,5500994175999120813240_F04
722046,722046,5500994175999120813240_F11
1298365,1298365,5500994175999120813240_F05
1503361,1503361,5500994175999120813240_F06
1659817,1659817,5500994175999120813240_F07
907000,907000,5500994173603120813304_F10
1240221,1240221,5500994173603120813304_F11
1298218,1298218,5500994173603120813304_F12
1659819,1659819,5500994175999120813240_G01
905941,905941,5500994175999120813240_G08
687448,687448,5500994175999120813240_G02
1240218,1240218,5500994175999120813240_G09
908130,908130,5500994175999120813240_G03
1299062,1299062,5500994175999120813240_G10
946377,946377,5500994175999120813240_G04
924238,924238,5500994175999120813240_G06
1298223,1298223,5500994175999120813240_G07
749712,749712,5500994173603120813304_G10
1298156,1298156,5500994173603120813304_G12
908458,908458,5500994175999120813240_H01
1480372,1480372,5500994175999120813240_H08
753584,753584,5500994175999120813240_H02
1298533,1298533,5500994175999120813240_H09
907044,907044,5500994175999120813240_H03
930299,930299,5500994175999120813240_H10
998184,998184,5500994175999120813240_H04
908145,908145,5500994175999120813240_H05
1298157,1298157,5500994175999120813240_H07
753562,753562,5500994173603120813304_H10
753585,753585,5500994173603120813304_H12
1240174,1240174,5500994158987071513202_A11
924187,924187,5500994158987071513202_B01
908127,908127,5500994158987071513202_B12
908129,908129,5500994158987071513202_D11
910781,910781,5500994158987071513209_D03
1240127,1240127,5500994158987071513209_D12
907176,907176,5500994172383112813928_A11
924247,924247,5500994172383112813928_C09
909758,909758,5500994172383112813928_D09
1240215,1240215,5500994172383112813928_F03
907051,907051,5500994172383112813929_C09
910691,910691,5500994172383112813929_F04
907788,907788,5500994173603120813304_E11
1299061,1299061,5500994173603120813304_H11
924100,924100,5500994175999120813240_E04
906826,906826,5500994157493061613625_A01
